PRAGMA encoding = 'UTF-8';
DROP TABLE IF EXISTS `utilisateur`;
CREATE TABLE IF NOT EXISTS `utilisateur` (
    `utilisateur_id`    INTEGER NOT NULL PRIMARY KEY AUTOINCREMENT UNIQUE,
    `utilisateur_nom`   TINYTEXT NOT NULL,
    `utilisateur_prenom`   TINYTEXT NOT NULL,
    `utilisateur_login` VARCHAR(45) NOT NULL,
    `utilisateur_email` VARCHAR(45) NOT NULL,
    `utilisateur_mdp`    VARCHAR(100) NOT NULL);
DROP TABLE IF EXISTS `Plat`;
CREATE TABLE IF NOT EXISTS `Plat` (
   plat_id    INTEGER NOT NULL PRIMARY KEY AUTOINCREMENT UNIQUE,
   plat_nom   TINYTEXT NOT NULL,
   plat_recette   VARCHAR(100) NOT NULL,
   plat_type  TINYTEXT NOT NULL,
   plat_nombre_convives INTEGER NOT NULL);
DROP TABLE IF EXISTS `ingredient`;
CREATE TABLE IF NOT EXISTS `ingredient` (
   `ingredient_id`    INTEGER NOT NULL PRIMARY KEY AUTOINCREMENT UNIQUE,
   `ingredient_nom`   TINYTEXT NOT NULL,
   `ingredient_type`  TINYTEXT NOT NULL);
DROP TABLE IF EXISTS composition;
CREATE TABLE IF NOT EXISTS composition (
   recette_id    INTEGER NOT NULL REFERENCES plat(plat_id),
   ingr_id  INTEGER NOT NULL ingredient(ingredient_id),
   composition_quantite   INTEGER NOT NULL);
COMMIT;

BEGIN TRANSACTION;

INSERT INTO plat (plat_id, plat_nom, plat_recette, plat_type, plat_nombre_convives) VALUES (1, "Gratin de chou-fleur", "https://www.marmiton.org/recettes/recette_gratin-de-chou-fleur_23112.aspx", "Plat principal", 4);
INSERT INTO plat (plat_id, plat_nom, plat_recette, plat_type, plat_nombre_convives) VALUES (2, "Coquillettes au jambon", "https://cuisine.journaldesfemmes.fr/recette/1022547-coquillettes-au-jambon-de-juan-arbelaez", "Plat principal", 4);
INSERT INTO plat (plat_id, plat_nom, plat_recette, plat_type, plat_nombre_convives) VALUES (3, "Galettes de pommes de terre", "https://www.marmiton.org/recettes/recette_galettes-de-pomme-de-terre_14072.aspx", "Plat principal", 4);
INSERT INTO plat (plat_id, plat_nom, plat_recette, plat_type, plat_nombre_convives) VALUES (4, "Riz cantonais", "https://www.marmiton.org/recettes/recette_riz-cantonais-facile_27686.aspx", "Plat principal", 4);
INSERT INTO plat (plat_id, plat_nom, plat_recette, plat_type, plat_nombre_convives) VALUES (5, "Risotto au gorgonzola et aux champignons de Paris", "http://pique-assiette.over-blog.com/article-risotto-champignons-et-gorgonzola-a-terminer-55697722.html", "Plat principal", 4);
INSERT INTO plat (plat_id, plat_nom, plat_recette, plat_type, plat_nombre_convives) VALUES (6, "Pâtes carbonara", "https://www.marmiton.org/recettes/recette_pates-a-la-carbonara_80453.aspx", "Plat principal", 4);
INSERT INTO plat (plat_id, plat_nom, plat_recette, plat_type, plat_nombre_convives) VALUES (7, "Pâtes à la bolognaise", "https://www.marmiton.org/recettes/recette_pates-a-la-bolognaise-facile_20482.aspx", "Plat principal", 4);
INSERT INTO plat (plat_id, plat_nom, plat_recette, plat_type, plat_nombre_convives) VALUES (8, "Chili con carne", "https://www.marmiton.org/recettes/recette_chili-con-carne_29198.aspx", "Plat principal", 8);
INSERT INTO plat (plat_id, plat_nom, plat_recette, plat_type, plat_nombre_convives) VALUES (9, "Couscous", "https://www.marmiton.org/recettes/recette_mon-couscous-marocain_165525.aspx", "Plat principal", 4);
INSERT INTO plat (plat_id, plat_nom, plat_recette, plat_type, plat_nombre_convives) VALUES (10, "Poulet aux champignons et à la crème", "https://www.cuisineactuelle.fr/recettes/poulet-a-la-creme-et-aux-champignons-193632", "Plat principal", 6);
INSERT INTO plat (plat_id, plat_nom, plat_recette, plat_type, plat_nombre_convives) VALUES (11, "Poulet au curry", "https://www.750g.com/poulet-au-curry-r2251.htm", "Plat principal", 4);
INSERT INTO plat (plat_id, plat_nom, plat_recette, plat_type, plat_nombre_convives) VALUES (12, "Tartiflette", "https://www.marmiton.org/recettes/recette_la-vraie-tartiflette_17634.aspx", "Plat principal", 4);
INSERT INTO plat (plat_id, plat_nom, plat_recette, plat_type, plat_nombre_convives) VALUES (13, "Nuggets de poulet au fromage", "https://www.marmiton.org/recettes/recette_nuggets-de-poulet-au-fromage_30112.aspx", "Plat principal", 1);
INSERT INTO plat (plat_id, plat_nom, plat_recette, plat_type, plat_nombre_convives) VALUES (14, "Empanadas au boeuf et au chorizo", "https://www.750g.com/empanadas-au-boeuf-et-chorizo-r206140.htm", "Entrée", 6);
INSERT INTO plat (plat_id, plat_nom, plat_recette, plat_type, plat_nombre_convives) VALUES (15, "Risotto aux tomates confites et chorizo", "https://www.marmiton.org/recettes/recette_risotto-au-chorizo-et-a-la-tomate_39320.aspx", "Plat principal", 4);
INSERT INTO plat (plat_id, plat_nom, plat_recette, plat_type, plat_nombre_convives) VALUES (16, "Pizza reine", "https://www.cuisineaz.com/recettes/pizza-reine-62558.aspx", "Plat principal", 4);
INSERT INTO plat (plat_id, plat_nom, plat_recette, plat_type, plat_nombre_convives) VALUES (17, "Cake à la feta et aux olives", "https://www.cuisineactuelle.fr/recettes/cake-aux-olives-et-a-la-feta-195788", "Entrée", 4);
INSERT INTO plat (plat_id, plat_nom, plat_recette, plat_type, plat_nombre_convives) VALUES (18, "Flan de légumes", "https://cuisine.journaldesfemmes.fr/recette/326482-flans-de-legumes", "Entrée", 4);
INSERT INTO plat (plat_id, plat_nom, plat_recette, plat_type, plat_nombre_convives) VALUES (19, "Quiche lorraine", "https://www.marmiton.org/recettes/recette_quiche-lorraine_30283.aspx", "Plat principal", 4);
INSERT INTO plat (plat_id, plat_nom, plat_recette, plat_type, plat_nombre_convives) VALUES (20, "Ratatouille", "https://cuisine.journaldesfemmes.fr/recette/317747-ratatouille", "Accompagnement", 4);
INSERT INTO plat (plat_id, plat_nom, plat_recette, plat_type, plat_nombre_convives) VALUES (21, "Bobun", "https://cuisine.journaldesfemmes.fr/recette/317228-bo-bun", "Plat principal", 2);
INSERT INTO plat (plat_id, plat_nom, plat_recette, plat_type, plat_nombre_convives) VALUES (22, "Tarte à la tomate et au fromage", "https://www.marmiton.org/recettes/recette_tarte-tomate-et-fromage_13637.aspx", "Plat principal", 4);
INSERT INTO plat (plat_id, plat_nom, plat_recette, plat_type, plat_nombre_convives) VALUES (23, "Nouilles sautées aux crevettes", "https://www.cuisineactuelle.fr/recettes/nouilles-sautees-aux-crevettes-217718", "Plat principal", 4);
INSERT INTO plat (plat_id, plat_nom, plat_recette, plat_type, plat_nombre_convives) VALUES (24, "Quiche aux poireaux, au fromage et au jambon", "https://cuisine.journaldesfemmes.fr/recette/1010318-quiche-cremeuse-poireaux-jambon-au-fromage-de-chevre", "Plat principal", 6);
INSERT INTO plat (plat_id, plat_nom, plat_recette, plat_type, plat_nombre_convives) VALUES (25, "Purée de pommes de terre", "https://www.cuisineaz.com/recettes/puree-de-pommes-de-terre-maison-12202.aspx", "Accompagnement", 4);
INSERT INTO plat (plat_id, plat_nom, plat_recette, plat_type, plat_nombre_convives) VALUES (26, "Feuilletés aux poireaux et à la feta", "https://www.ptitchef.com/recettes/entree/feuillete-a-la-fondue-de-poireauxfeta-fid-1378360", "Entrée", 4);
INSERT INTO plat (plat_id, plat_nom, plat_recette, plat_type, plat_nombre_convives) VALUES (27, "Croque-monsieur", "https://www.marmiton.org/recettes/recette_croque-monsieur_19208.aspx", "Plat principal", 4);
INSERT INTO plat (plat_id, plat_nom, plat_recette, plat_type, plat_nombre_convives) VALUES (28, "Salade César", "https://www.marmiton.org/recettes/recette_salade-cesar_32442.aspx", "Plat principal", 4);
INSERT INTO plat (plat_id, plat_nom, plat_recette, plat_type, plat_nombre_convives) VALUES (29, "Gratin dauphinois", "https://www.marmiton.org/recettes/recette_gratin-dauphinois_13809.aspx", "Accompagnement", 6);
INSERT INTO plat (plat_id, plat_nom, plat_recette, plat_type, plat_nombre_convives) VALUES (30, "Macaronis au fromage", "https://www.cuisineactuelle.fr/recettes/macaronis-au-fromage-328333", "Plat principal", 4);

INSERT INTO ingredient (ingredient_id, ingredient_nom, ingredient_type) VALUES (1, "Chou-fleur", "Légume");
INSERT INTO ingredient (ingredient_id, ingredient_nom, ingredient_type) VALUES (2, "Lardons (selon la convenance)", "Viande");
INSERT INTO ingredient (ingredient_id, ingredient_nom, ingredient_type) VALUES (3, "Beurre", "Laitage");
INSERT INTO ingredient (ingredient_id, ingredient_nom, ingredient_type) VALUES (4, "Farine de blé", "Féculent");
INSERT INTO ingredient (ingredient_id, ingredient_nom, ingredient_type) VALUES (5, "Lait", "Laitage");
INSERT INTO ingredient (ingredient_id, ingredient_nom, ingredient_type) VALUES (6, "Eau", "Eau");
INSERT INTO ingredient (ingredient_id, ingredient_nom, ingredient_type) VALUES (7, "Gros sel", "Epice");
INSERT INTO ingredient (ingredient_id, ingredient_nom, ingredient_type) VALUES (8, "Coquillette", "Féculent");
INSERT INTO ingredient (ingredient_id, ingredient_nom, ingredient_type) VALUES (9, "Tranche de jambon d'un cm d'épaisseur", "Viande");
INSERT INTO ingredient (ingredient_id, ingredient_nom, ingredient_type) VALUES (10, "Crème", "Laitage");
INSERT INTO ingredient (ingredient_id, ingredient_nom, ingredient_type) VALUES (11, "Parmesan râpé (ou Grana Padano)", "Fromage");
INSERT INTO ingredient (ingredient_id, ingredient_nom, ingredient_type) VALUES (12, "Sauce soja", "Condiment");
INSERT INTO ingredient (ingredient_id, ingredient_nom, ingredient_type) VALUES (13, "Sel fin", "Epice");
INSERT INTO ingredient (ingredient_id, ingredient_nom, ingredient_type) VALUES (14, "Poivre", "Epice");
INSERT INTO ingredient (ingredient_id, ingredient_nom, ingredient_type) VALUES (15, "Copeaux de parmesan", "Fromage");
INSERT INTO ingredient (ingredient_id, ingredient_nom, ingredient_type) VALUES (16, "Pomme de terre", "Légume");
INSERT INTO ingredient (ingredient_id, ingredient_nom, ingredient_type) VALUES (17, "Oignon selon convenance", "Légume");
INSERT INTO ingredient (ingredient_id, ingredient_nom, ingredient_type) VALUES (18, "Oeuf", "Oeuf");
INSERT INTO ingredient (ingredient_id, ingredient_nom, ingredient_type) VALUES (19, "Huile d'olives", "Condiment");
INSERT INTO ingredient (ingredient_id, ingredient_nom, ingredient_type) VALUES (20, "Riz", "Féculent");
INSERT INTO ingredient (ingredient_id, ingredient_nom, ingredient_type) VALUES (21, "Crevettes décortiquées", "Fruit de mer");
INSERT INTO ingredient (ingredient_id, ingredient_nom, ingredient_type) VALUES (22, "Jambon blanc", "Viande");
INSERT INTO ingredient (ingredient_id, ingredient_nom, ingredient_type) VALUES (23, "Petit pois", "Légume");
INSERT INTO ingredient (ingredient_id, ingredient_nom, ingredient_type) VALUES (24, "Riz Arborio", "Féculent");
INSERT INTO ingredient (ingredient_id, ingredient_nom, ingredient_type) VALUES (25, "Cube de bouillon de légumes", "Condiment");
INSERT INTO ingredient (ingredient_id, ingredient_nom, ingredient_type) VALUES (26, "Vin blanc de cuisine", "Alcool");
INSERT INTO ingredient (ingredient_id, ingredient_nom, ingredient_type) VALUES (27, "Gorgonzola", "Fromage");
INSERT INTO ingredient (ingredient_id, ingredient_nom, ingredient_type) VALUES (28, "Champignon de Paris", "Légume");
INSERT INTO ingredient (ingredient_id, ingredient_nom, ingredient_type) VALUES (29, "Echalote hâchée", "Légume");
INSERT INTO ingredient (ingredient_id, ingredient_nom, ingredient_type) VALUES (30, "Parmesan en poudre", "Fromage");
INSERT INTO ingredient (ingredient_id, ingredient_nom, ingredient_type) VALUES (31, "Pâtes (au choix)", "Féculent");
INSERT INTO ingredient (ingredient_id, ingredient_nom, ingredient_type) VALUES (32, "Crème fraiche épaisse", "Laitage");
INSERT INTO ingredient (ingredient_id, ingredient_nom, ingredient_type) VALUES (33, "Jaune d'oeuf", "Oeuf");
INSERT INTO ingredient (ingredient_id, ingredient_nom, ingredient_type) VALUES (34, "Boeuf hâché", "Viande");
INSERT INTO ingredient (ingredient_id, ingredient_nom, ingredient_type) VALUES (35, "Concentré de tomates", "Fruit");
INSERT INTO ingredient (ingredient_id, ingredient_nom, ingredient_type) VALUES (36, "Gousse d'ail", "Légume");
INSERT INTO ingredient (ingredient_id, ingredient_nom, ingredient_type) VALUES (37, "Sauce Worcester", "Condiment");
INSERT INTO ingredient (ingredient_id, ingredient_nom, ingredient_type) VALUES (38, "Tabasco", "Condiment");
INSERT INTO ingredient (ingredient_id, ingredient_nom, ingredient_type) VALUES (39, "Poivron rouge", "Fruit");
INSERT INTO ingredient (ingredient_id, ingredient_nom, ingredient_type) VALUES (40, "Boite de tomates au naturel pelées", "Fruit");
INSERT INTO ingredient (ingredient_id, ingredient_nom, ingredient_type) VALUES (41, "Haricot rouge égoutté", "Légume");
INSERT INTO ingredient (ingredient_id, ingredient_nom, ingredient_type) VALUES (42, "Bouillon Kub", "Condiment");
INSERT INTO ingredient (ingredient_id, ingredient_nom, ingredient_type) VALUES (43, "Cumin", "Epice");
INSERT INTO ingredient (ingredient_id, ingredient_nom, ingredient_type) VALUES (44, "Origan séché", "Epice");
INSERT INTO ingredient (ingredient_id, ingredient_nom, ingredient_type) VALUES (45, "Piment d'Espelette", "Epice");
INSERT INTO ingredient (ingredient_id, ingredient_nom, ingredient_type) VALUES (46, "Piment de Cayenne", "Epice");
INSERT INTO ingredient (ingredient_id, ingredient_nom, ingredient_type) VALUES (47, "Mélange de viandes (boeuf, agneau, poulet)", "Viande");
INSERT INTO ingredient (ingredient_id, ingredient_nom, ingredient_type) VALUES (48, "Merguez", "Viande");
INSERT INTO ingredient (ingredient_id, ingredient_nom, ingredient_type) VALUES (49, "Carotte", "Légume");
INSERT INTO ingredient (ingredient_id, ingredient_nom, ingredient_type) VALUES (50, "Navets", "Légume");
INSERT INTO ingredient (ingredient_id, ingredient_nom, ingredient_type) VALUES (51, "Poivron vert", "Fruit");
INSERT INTO ingredient (ingredient_id, ingredient_nom, ingredient_type) VALUES (52, "Chou blanchi", "Légume");
INSERT INTO ingredient (ingredient_id, ingredient_nom, ingredient_type) VALUES (53, "Courgette", "Fruit");
INSERT INTO ingredient (ingredient_id, ingredient_nom, ingredient_type) VALUES (54, "Citrouille", "Légume");
INSERT INTO ingredient (ingredient_id, ingredient_nom, ingredient_type) VALUES (55, "Pois chiche", "Légume");
INSERT INTO ingredient (ingredient_id, ingredient_nom, ingredient_type) VALUES (56, "Poulet fermier", "Viande");
INSERT INTO ingredient (ingredient_id, ingredient_nom, ingredient_type) VALUES (57, "Echalote", "Légume");
INSERT INTO ingredient (ingredient_id, ingredient_nom, ingredient_type) VALUES (58, "Champignon divers", "Légume");
INSERT INTO ingredient (ingredient_id, ingredient_nom, ingredient_type) VALUES (59, "Bouillon de volaille", "Condiment");
INSERT INTO ingredient (ingredient_id, ingredient_nom, ingredient_type) VALUES (60, "Crème liquide", "Laitage");
INSERT INTO ingredient (ingredient_id, ingredient_nom, ingredient_type) VALUES (61, "Persil plat", "Aromate");
INSERT INTO ingredient (ingredient_id, ingredient_nom, ingredient_type) VALUES (62, "Blanc de poulet", "Viande");
INSERT INTO ingredient (ingredient_id, ingredient_nom, ingredient_type) VALUES (63, "Curry en poudre", "Epice");
INSERT INTO ingredient (ingredient_id, ingredient_nom, ingredient_type) VALUES (64, "Oignon jaune", "Légume");
INSERT INTO ingredient (ingredient_id, ingredient_nom, ingredient_type) VALUES (65, "Lardon fumé", "Viande");
INSERT INTO ingredient (ingredient_id, ingredient_nom, ingredient_type) VALUES (66, "Reblochon", "Fromage");
INSERT INTO ingredient (ingredient_id, ingredient_nom, ingredient_type) VALUES (67, "Chapelure", "Féculent");
INSERT INTO ingredient (ingredient_id, ingredient_nom, ingredient_type) VALUES (68, "Comté", "Fromage");
INSERT INTO ingredient (ingredient_id, ingredient_nom, ingredient_type) VALUES (69, "Oignon rouge", "Légume");
INSERT INTO ingredient (ingredient_id, ingredient_nom, ingredient_type) VALUES (70, "Chorizo", "Viande");
INSERT INTO ingredient (ingredient_id, ingredient_nom, ingredient_type) VALUES (71, "Paprika fumé", "Epice");
INSERT INTO ingredient (ingredient_id, ingredient_nom, ingredient_type) VALUES (72, "Bouillon de boeuf", "Condiment");
INSERT INTO ingredient (ingredient_id, ingredient_nom, ingredient_type) VALUES (73, "Sucre", "Condiment");
INSERT INTO ingredient (ingredient_id, ingredient_nom, ingredient_type) VALUES (74, "Purée de tomate", "Fruit");
INSERT INTO ingredient (ingredient_id, ingredient_nom, ingredient_type) VALUES (75, "Levure fraiche boulangère", "Condiment");
INSERT INTO ingredient (ingredient_id, ingredient_nom, ingredient_type) VALUES (76, "Sauce tomate", "Fruit");
INSERT INTO ingredient (ingredient_id, ingredient_nom, ingredient_type) VALUES (77, "Gruyère rapé", "Fromage");
INSERT INTO ingredient (ingredient_id, ingredient_nom, ingredient_type) VALUES (78, "Feta", "Fromage");
INSERT INTO ingredient (ingredient_id, ingredient_nom, ingredient_type) VALUES (79, "Olive verte", "Fruit");
INSERT INTO ingredient (ingredient_id, ingredient_nom, ingredient_type) VALUES (80, "Levure chimique", "Condiment");
INSERT INTO ingredient (ingredient_id, ingredient_nom, ingredient_type) VALUES (81, "Tomate", "Fruit");
INSERT INTO ingredient (ingredient_id, ingredient_nom, ingredient_type) VALUES (82, "Comté rapé", "Fromage");
INSERT INTO ingredient (ingredient_id, ingredient_nom, ingredient_type) VALUES (83, "Maïzena", "Condiment");
INSERT INTO ingredient (ingredient_id, ingredient_nom, ingredient_type) VALUES (84, "Pâte brisée", "Ingrédient préparé");
INSERT INTO ingredient (ingredient_id, ingredient_nom, ingredient_type) VALUES (85, "Muscade", "Epice");
INSERT INTO ingredient (ingredient_id, ingredient_nom, ingredient_type) VALUES (86, "Aubergine", "Fruit");
INSERT INTO ingredient (ingredient_id, ingredient_nom, ingredient_type) VALUES (87, "Bouquet garni", "Aromate");
INSERT INTO ingredient (ingredient_id, ingredient_nom, ingredient_type) VALUES (88, "Nem selon la convenance", "Ingrédient préparé");
INSERT INTO ingredient (ingredient_id, ingredient_nom, ingredient_type) VALUES (89, "Sauce nem", "Condiment");
INSERT INTO ingredient (ingredient_id, ingredient_nom, ingredient_type) VALUES (90, "Laitue", "Légume");
INSERT INTO ingredient (ingredient_id, ingredient_nom, ingredient_type) VALUES (91, "Concombre", "Légume");
INSERT INTO ingredient (ingredient_id, ingredient_nom, ingredient_type) VALUES (92, "Vermicelles de riz", "Féculent");
INSERT INTO ingredient (ingredient_id, ingredient_nom, ingredient_type) VALUES (93, "Coriandre", "Aromate");
INSERT INTO ingredient (ingredient_id, ingredient_nom, ingredient_type) VALUES (94, "Menthe", "Aromate");
INSERT INTO ingredient (ingredient_id, ingredient_nom, ingredient_type) VALUES (95, "Citron jaune", "Fruit");
INSERT INTO ingredient (ingredient_id, ingredient_nom, ingredient_type) VALUES (96, "Nuoc mâm", "Condiment");
INSERT INTO ingredient (ingredient_id, ingredient_nom, ingredient_type) VALUES (97, "Vinaigre de vin", "Condiment");
INSERT INTO ingredient (ingredient_id, ingredient_nom, ingredient_type) VALUES (98, "Gingembre en poudre", "Epice");
INSERT INTO ingredient (ingredient_id, ingredient_nom, ingredient_type) VALUES (99, "Cacahuète pilée", "Condiment");
INSERT INTO ingredient (ingredient_id, ingredient_nom, ingredient_type) VALUES (100, "Bavettes de boeuf", "Viande");
INSERT INTO ingredient (ingredient_id, ingredient_nom, ingredient_type) VALUES (101, "Pâte feuilletée", "Ingrédient préparé");
INSERT INTO ingredient (ingredient_id, ingredient_nom, ingredient_type) VALUES (102, "Boite de tomates concassées", "Fruit");
INSERT INTO ingredient (ingredient_id, ingredient_nom, ingredient_type) VALUES (103, "Buche de fromage de chèvre", "Fromage");
INSERT INTO ingredient (ingredient_id, ingredient_nom, ingredient_type) VALUES (104, "Herbes de Provence", "Aromate");
INSERT INTO ingredient (ingredient_id, ingredient_nom, ingredient_type) VALUES (105, "Nouilles chinoises", "Féculent");
INSERT INTO ingredient (ingredient_id, ingredient_nom, ingredient_type) VALUES (106, "Tige de citronelle", "Aromate");
INSERT INTO ingredient (ingredient_id, ingredient_nom, ingredient_type) VALUES (107, "Gigembre frais rapé", "Epice");
INSERT INTO ingredient (ingredient_id, ingredient_nom, ingredient_type) VALUES (108, "Vinaigre de riz", "Condiment");
INSERT INTO ingredient (ingredient_id, ingredient_nom, ingredient_type) VALUES (109, "Poivron jaune", "Fruit");
INSERT INTO ingredient (ingredient_id, ingredient_nom, ingredient_type) VALUES (110, "Poivre de Sichuan", "Epice");
INSERT INTO ingredient (ingredient_id, ingredient_nom, ingredient_type) VALUES (111, "Poireau", "Légume");
INSERT INTO ingredient (ingredient_id, ingredient_nom, ingredient_type) VALUES (112, "Dé de jambon", "Viande");
INSERT INTO ingredient (ingredient_id, ingredient_nom, ingredient_type) VALUES (113, "Poivre aux cinq baies", "Epice");
INSERT INTO ingredient (ingredient_id, ingredient_nom, ingredient_type) VALUES (114, "Flocon de légumes", "Légume");
INSERT INTO ingredient (ingredient_id, ingredient_nom, ingredient_type) VALUES (115, "Pain de mie industriel", "Ingrédient préparé");
INSERT INTO ingredient (ingredient_id, ingredient_nom, ingredient_type) VALUES (116, "Fromage spécial croque monsieur", "Fromage");
INSERT INTO ingredient (ingredient_id, ingredient_nom, ingredient_type) VALUES (117, "Coeur de laitue effeuillé", "Légume");
INSERT INTO ingredient (ingredient_id, ingredient_nom, ingredient_type) VALUES (118, "Pain écrouté", "Féculent");
INSERT INTO ingredient (ingredient_id, ingredient_nom, ingredient_type) VALUES (119, "Câpre", "Condiment");
INSERT INTO ingredient (ingredient_id, ingredient_nom, ingredient_type) VALUES (120, "Moutarde", "Condiment");
INSERT INTO ingredient (ingredient_id, ingredient_nom, ingredient_type) VALUES (121, "Macaroni", "Féculent")

INSERT INTO composition (recette_id, ingr_id, composition_quantite) VALUES (1, 1, "1 kg");
INSERT INTO composition (recette_id, ingr_id, composition_quantite) VALUES (1, 2, "500 g");
INSERT INTO composition (recette_id, ingr_id, composition_quantite) VALUES (1, 3, "40 g");
INSERT INTO composition (recette_id, ingr_id, composition_quantite) VALUES (1, 4, "2 cuillères à soupe");
INSERT INTO composition (recette_id, ingr_id, composition_quantite) VALUES (1, 5, "1 l");
INSERT INTO composition (recette_id, ingr_id, composition_quantite) VALUES (2, 6, "2 l");
INSERT INTO composition (recette_id, ingr_id, composition_quantite) VALUES (2, 7, "3 cuillères à soupe");
INSERT INTO composition (recette_id, ingr_id, composition_quantite) VALUES (2, 8, "400 g");
INSERT INTO composition (recette_id, ingr_id, composition_quantite) VALUES (2, 9, "1 tranche");
INSERT INTO composition (recette_id, ingr_id, composition_quantite) VALUES (2, 10, "250 ml");
INSERT INTO composition (recette_id, ingr_id, composition_quantite) VALUES (2, 11, "50 g");
INSERT INTO composition (recette_id, ingr_id, composition_quantite) VALUES (2, 12, "1 cuillère à soupe");
INSERT INTO composition (recette_id, ingr_id, composition_quantite) VALUES (2, 13, "1 pincée");
INSERT INTO composition (recette_id, ingr_id, composition_quantite) VALUES (2, 14, "1 tour de moulin à poivre");
INSERT INTO composition (recette_id, ingr_id, composition_quantite) VALUES (2, 15, "Selon la convenance");
INSERT INTO composition (recette_id, ingr_id, composition_quantite) VALUES (3, 16, "7");
INSERT INTO composition (recette_id, ingr_id, composition_quantite) VALUES (3, 17, "3");
INSERT INTO composition (recette_id, ingr_id, composition_quantite) VALUES (3, 18, "1");
INSERT INTO composition (recette_id, ingr_id, composition_quantite) VALUES (3, 4, "3 cuillères à soupe");
INSERT INTO composition (recette_id, ingr_id, composition_quantite) VALUES (3, 14, "Selon la convenance");
INSERT INTO composition (recette_id, ingr_id, composition_quantite) VALUES (3, 13, "Selon la convenance");
INSERT INTO composition (recette_id, ingr_id, composition_quantite) VALUES (3, 19, "Selon la convenance");
INSERT INTO composition (recette_id, ingr_id, composition_quantite) VALUES (4, 20, "200 g");
INSERT INTO composition (recette_id, ingr_id, composition_quantite) VALUES (4, 17, "2");
INSERT INTO composition (recette_id, ingr_id, composition_quantite) VALUES (4, 18, "2");
INSERT INTO composition (recette_id, ingr_id, composition_quantite) VALUES (4, 19, "2 cuillères à soupe");
INSERT INTO composition (recette_id, ingr_id, composition_quantite) VALUES (4, 21, "50 g");
INSERT INTO composition (recette_id, ingr_id, composition_quantite) VALUES (4, 22, "75 g");
INSERT INTO composition (recette_id, ingr_id, composition_quantite) VALUES (4, 23, "3 cuillères à soupe");
INSERT INTO composition (recette_id, ingr_id, composition_quantite) VALUES (5, 24, "250 g");
INSERT INTO composition (recette_id, ingr_id, composition_quantite) VALUES (5, 25, "1");
INSERT INTO composition (recette_id, ingr_id, composition_quantite) VALUES (5, 26, "250 ml");
INSERT INTO composition (recette_id, ingr_id, composition_quantite) VALUES (5, 27, "150 g");
INSERT INTO composition (recette_id, ingr_id, composition_quantite) VALUES (5, 28, "200 g");
INSERT INTO composition (recette_id, ingr_id, composition_quantite) VALUES (5, 29, "2");
INSERT INTO composition (recette_id, ingr_id, composition_quantite) VALUES (5, 30, "50 g");
INSERT INTO composition (recette_id, ingr_id, composition_quantite) VALUES (5, 19, "1 filet");
INSERT INTO composition (recette_id, ingr_id, composition_quantite) VALUES (5, 14, "Selon la convenance");
INSERT INTO composition (recette_id, ingr_id, composition_quantite) VALUES (6, 31, "500 g");
INSERT INTO composition (recette_id, ingr_id, composition_quantite) VALUES (6, 32, "50 cl");
INSERT INTO composition (recette_id, ingr_id, composition_quantite) VALUES (6, 33, "3");
INSERT INTO composition (recette_id, ingr_id, composition_quantite) VALUES (6, 13, "1 pincée");
INSERT INTO composition (recette_id, ingr_id, composition_quantite) VALUES (6, 14, "Selon la convenance");
INSERT INTO composition (recette_id, ingr_id, composition_quantite) VALUES (6, 2, "250 g");
INSERT INTO composition (recette_id, ingr_id, composition_quantite) VALUES (6, 17, "1");
INSERT INTO composition (recette_id, ingr_id, composition_quantite) VALUES (7, 31, "300 g");
INSERT INTO composition (recette_id, ingr_id, composition_quantite) VALUES (7, 34, "450 g");
INSERT INTO composition (recette_id, ingr_id, composition_quantite) VALUES (7, 35, "2 cuillères à soupe");
INSERT INTO composition (recette_id, ingr_id, composition_quantite) VALUES (7, 17, "1");
INSERT INTO composition (recette_id, ingr_id, composition_quantite) VALUES (7, 36, "1");
INSERT INTO composition (recette_id, ingr_id, composition_quantite) VALUES (7, 37, "1 goutte");
INSERT INTO composition (recette_id, ingr_id, composition_quantite) VALUES (7, 38, "1 goutte");
INSERT INTO composition (recette_id, ingr_id, composition_quantite) VALUES (7, 11, "100 g");
INSERT INTO composition (recette_id, ingr_id, composition_quantite) VALUES (7, 19, "2 cuillères à soupe");
INSERT INTO composition (recette_id, ingr_id, composition_quantite) VALUES (7, 14, "Selon la convenance");
INSERT INTO composition (recette_id, ingr_id, composition_quantite) VALUES (7, 13, "Selon la convenance");
INSERT INTO composition (recette_id, ingr_id, composition_quantite) VALUES (8, 17, "2");
INSERT INTO composition (recette_id, ingr_id, composition_quantite) VALUES (8, 36, "3");
INSERT INTO composition (recette_id, ingr_id, composition_quantite) VALUES (8, 39, "1");
INSERT INTO composition (recette_id, ingr_id, composition_quantite) VALUES (8, 40, "1");
INSERT INTO composition (recette_id, ingr_id, composition_quantite) VALUES (8, 41, "750 g");
INSERT INTO composition (recette_id, ingr_id, composition_quantite) VALUES (8, 34, "1 kg");
INSERT INTO composition (recette_id, ingr_id, composition_quantite) VALUES (8, 42, "50 cl");
INSERT INTO composition (recette_id, ingr_id, composition_quantite) VALUES (8, 19, "4 cuillères à soupe");
INSERT INTO composition (recette_id, ingr_id, composition_quantite) VALUES (8, 43, "1 cuillère à café");
INSERT INTO composition (recette_id, ingr_id, composition_quantite) VALUES (8, 44, "1 cuillère à café");
INSERT INTO composition (recette_id, ingr_id, composition_quantite) VALUES (8, 38, "Selon la convenance");
INSERT INTO composition (recette_id, ingr_id, composition_quantite) VALUES (8, 45, "2 cuillères à café");
INSERT INTO composition (recette_id, ingr_id, composition_quantite) VALUES (8, 46, "1/2 cuillère à café");
INSERT INTO composition (recette_id, ingr_id, composition_quantite) VALUES (8, 13, "Selon la convenance");
INSERT INTO composition (recette_id, ingr_id, composition_quantite) VALUES (9, 47, "800 g");
INSERT INTO composition (recette_id, ingr_id, composition_quantite) VALUES (9, 48, "2");
INSERT INTO composition (recette_id, ingr_id, composition_quantite) VALUES (9, 49, "8");
INSERT INTO composition (recette_id, ingr_id, composition_quantite) VALUES (9, 17, "8");
INSERT INTO composition (recette_id, ingr_id, composition_quantite) VALUES (9, 50, "8");
INSERT INTO composition (recette_id, ingr_id, composition_quantite) VALUES (9, 51, "2");
INSERT INTO composition (recette_id, ingr_id, composition_quantite) VALUES (9, 39, "2");
INSERT INTO composition (recette_id, ingr_id, composition_quantite) VALUES (9, 52, "Selon la convenance");
INSERT INTO composition (recette_id, ingr_id, composition_quantite) VALUES (9, 53, "8");
INSERT INTO composition (recette_id, ingr_id, composition_quantite) VALUES (9, 54, "4 morceaux");
INSERT INTO composition (recette_id, ingr_id, composition_quantite) VALUES (9, 40, "1");
INSERT INTO composition (recette_id, ingr_id, composition_quantite) VALUES (9, 55, "Selon la convenance");
INSERT INTO composition (recette_id, ingr_id, composition_quantite) VALUES (10, 56, "1, coupé en morceaux");
INSERT INTO composition (recette_id, ingr_id, composition_quantite) VALUES (10, 57, "2");
INSERT INTO composition (recette_id, ingr_id, composition_quantite) VALUES (10, 58, "800 g");
INSERT INTO composition (recette_id, ingr_id, composition_quantite) VALUES (10, 36, "1");
INSERT INTO composition (recette_id, ingr_id, composition_quantite) VALUES (10, 25, "15 cl");
INSERT INTO composition (recette_id, ingr_id, composition_quantite) VALUES (10, 59, "30 cl");
INSERT INTO composition (recette_id, ingr_id, composition_quantite) VALUES (10, 60, "20 cl");
INSERT INTO composition (recette_id, ingr_id, composition_quantite) VALUES (10, 32, "4 cuillères à soupe");
INSERT INTO composition (recette_id, ingr_id, composition_quantite) VALUES (10, 19, "6 cuillères à soupe");
INSERT INTO composition (recette_id, ingr_id, composition_quantite) VALUES (10, 61, "2 branches");
INSERT INTO composition (recette_id, ingr_id, composition_quantite) VALUES (10, 13, "Selon la convenance");
INSERT INTO composition (recette_id, ingr_id, composition_quantite) VALUES (10, 14, "Selon la convenance");
INSERT INTO composition (recette_id, ingr_id, composition_quantite) VALUES (11, 62, "6");
INSERT INTO composition (recette_id, ingr_id, composition_quantite) VALUES (11, 63, "3 cuillères à café");
INSERT INTO composition (recette_id, ingr_id, composition_quantite) VALUES (11, 60, "20 cl");
INSERT INTO composition (recette_id, ingr_id, composition_quantite) VALUES (11, 61, "1/2 bouquet hâché");
INSERT INTO composition (recette_id, ingr_id, composition_quantite) VALUES (11, 19, "Selon la convenance");
INSERT INTO composition (recette_id, ingr_id, composition_quantite) VALUES (11, 64, "1");
INSERT INTO composition (recette_id, ingr_id, composition_quantite) VALUES (11, 13, "Selon la convenance");
INSERT INTO composition (recette_id, ingr_id, composition_quantite) VALUES (11, 14, "Selon la convenance");
INSERT INTO composition (recette_id, ingr_id, composition_quantite) VALUES (12, 16, "1 kg");
INSERT INTO composition (recette_id, ingr_id, composition_quantite) VALUES (12, 65, "200 g");
INSERT INTO composition (recette_id, ingr_id, composition_quantite) VALUES (12, 17, "200 g émincés");
INSERT INTO composition (recette_id, ingr_id, composition_quantite) VALUES (12, 66, "1 bien fait");
INSERT INTO composition (recette_id, ingr_id, composition_quantite) VALUES (12, 19, "2 cuillères à soupe");
INSERT INTO composition (recette_id, ingr_id, composition_quantite) VALUES (12, 36, "1");
INSERT INTO composition (recette_id, ingr_id, composition_quantite) VALUES (12, 13, "Selon la convenance");
INSERT INTO composition (recette_id, ingr_id, composition_quantite) VALUES (12, 14, "Selon la convenance");
INSERT INTO composition (recette_id, ingr_id, composition_quantite) VALUES (13, 62, "100 g");
INSERT INTO composition (recette_id, ingr_id, composition_quantite) VALUES (13, 63, "20 g");
INSERT INTO composition (recette_id, ingr_id, composition_quantite) VALUES (13, 5, "Selon le besoin");
INSERT INTO composition (recette_id, ingr_id, composition_quantite) VALUES (13, 64, "25 g (à adapter selon les convenances)");
INSERT INTO composition (recette_id, ingr_id, composition_quantite) VALUES (13, 13, "Selon la convenance");
INSERT INTO composition (recette_id, ingr_id, composition_quantite) VALUES (13, 14, "Selon la convenance");
INSERT INTO composition (recette_id, ingr_id, composition_quantite) VALUES (14, 4, "250 g");
INSERT INTO composition (recette_id, ingr_id, composition_quantite) VALUES (14, 3, "125 g mou");
INSERT INTO composition (recette_id, ingr_id, composition_quantite) VALUES (14, 13, "5 g");
INSERT INTO composition (recette_id, ingr_id, composition_quantite) VALUES (14, 33, "2");
INSERT INTO composition (recette_id, ingr_id, composition_quantite) VALUES (14, 5, "50 g et 1 cuillère à café");
INSERT INTO composition (recette_id, ingr_id, composition_quantite) VALUES (14, 69, "1");
INSERT INTO composition (recette_id, ingr_id, composition_quantite) VALUES (14, 70, "50 g");
INSERT INTO composition (recette_id, ingr_id, composition_quantite) VALUES (14, 34, "350 g");
INSERT INTO composition (recette_id, ingr_id, composition_quantite) VALUES (14, 71, "2 cuillère à café");
INSERT INTO composition (recette_id, ingr_id, composition_quantite) VALUES (14, 72, "15 cl");
INSERT INTO composition (recette_id, ingr_id, composition_quantite) VALUES (14, 73, "1 cuillère à café");
INSERT INTO composition (recette_id, ingr_id, composition_quantite) VALUES (14, 35, "2 cuillères à café");
INSERT INTO composition (recette_id, ingr_id, composition_quantite) VALUES (14, 19, "1 filet");
INSERT INTO composition (recette_id, ingr_id, composition_quantite) VALUES (14, 14, "Selon la convenance");
INSERT INTO composition (recette_id, ingr_id, composition_quantite) VALUES (15, 17, "1");
INSERT INTO composition (recette_id, ingr_id, composition_quantite) VALUES (15, 70, "1 entier");
INSERT INTO composition (recette_id, ingr_id, composition_quantite) VALUES (15, 74, "20 cl");
INSERT INTO composition (recette_id, ingr_id, composition_quantite) VALUES (15, 61, "Selon la convenance");
INSERT INTO composition (recette_id, ingr_id, composition_quantite) VALUES (15, 24, "1,5 tasse");
INSERT INTO composition (recette_id, ingr_id, composition_quantite) VALUES (15, 59, "1/2 tablette");
INSERT INTO composition (recette_id, ingr_id, composition_quantite) VALUES (15, 13, "Selon la convenance");
INSERT INTO composition (recette_id, ingr_id, composition_quantite) VALUES (15, 14, "Selon la convenance");
INSERT INTO composition (recette_id, ingr_id, composition_quantite) VALUES (16, 4, "250 g");
INSERT INTO composition (recette_id, ingr_id, composition_quantite) VALUES (16, 19, "2 cuillères à soupe");
INSERT INTO composition (recette_id, ingr_id, composition_quantite) VALUES (16, 6, "15 cl et 2 cuillères à soupe");
INSERT INTO composition (recette_id, ingr_id, composition_quantite) VALUES (16, 73, "1 pincée");
INSERT INTO composition (recette_id, ingr_id, composition_quantite) VALUES (16, 75, "15 g");
INSERT INTO composition (recette_id, ingr_id, composition_quantite) VALUES (16, 13, "1/2 cuillère à café");
INSERT INTO composition (recette_id, ingr_id, composition_quantite) VALUES (16, 76, "150 g");
INSERT INTO composition (recette_id, ingr_id, composition_quantite) VALUES (16, 28, "100 g");
INSERT INTO composition (recette_id, ingr_id, composition_quantite) VALUES (16, 22, "150 g");
INSERT INTO composition (recette_id, ingr_id, composition_quantite) VALUES (16, 77, "100 g");
INSERT INTO composition (recette_id, ingr_id, composition_quantite) VALUES (16, 13, "Selon la convenance");
INSERT INTO composition (recette_id, ingr_id, composition_quantite) VALUES (16, 14, "Selon la convenance");
INSERT INTO composition (recette_id, ingr_id, composition_quantite) VALUES (17, 4, "200 g");
INSERT INTO composition (recette_id, ingr_id, composition_quantite) VALUES (17, 78, "160 g");
INSERT INTO composition (recette_id, ingr_id, composition_quantite) VALUES (17, 5, "10 cl tiède");
INSERT INTO composition (recette_id, ingr_id, composition_quantite) VALUES (17, 79, "100 g dénoyautées");
INSERT INTO composition (recette_id, ingr_id, composition_quantite) VALUES (17, 18, "3");
INSERT INTO composition (recette_id, ingr_id, composition_quantite) VALUES (17, 80, "1 sachet");
INSERT INTO composition (recette_id, ingr_id, composition_quantite) VALUES (18, 18, "4");
INSERT INTO composition (recette_id, ingr_id, composition_quantite) VALUES (18, 60, "15 cl");
INSERT INTO composition (recette_id, ingr_id, composition_quantite) VALUES (18, 81, "2");
INSERT INTO composition (recette_id, ingr_id, composition_quantite) VALUES (18, 53, "2");
INSERT INTO composition (recette_id, ingr_id, composition_quantite) VALUES (18, 17, "1");
INSERT INTO composition (recette_id, ingr_id, composition_quantite) VALUES (18, 82, "70 g");
INSERT INTO composition (recette_id, ingr_id, composition_quantite) VALUES (18, 83, "2 cuillères à soupe");
INSERT INTO composition (recette_id, ingr_id, composition_quantite) VALUES (18, 13, "Selon la convenance");
INSERT INTO composition (recette_id, ingr_id, composition_quantite) VALUES (18, 14, "Selon la convenance");
INSERT INTO composition (recette_id, ingr_id, composition_quantite) VALUES (19, 84, "200 g");
INSERT INTO composition (recette_id, ingr_id, composition_quantite) VALUES (19, 2, "200 g");
INSERT INTO composition (recette_id, ingr_id, composition_quantite) VALUES (19, 3, "30 g");
INSERT INTO composition (recette_id, ingr_id, composition_quantite) VALUES (19, 18, "3");
INSERT INTO composition (recette_id, ingr_id, composition_quantite) VALUES (19, 32, "20 cl");
INSERT INTO composition (recette_id, ingr_id, composition_quantite) VALUES (19, 5, "20 cl");
INSERT INTO composition (recette_id, ingr_id, composition_quantite) VALUES (19, 85, "Selon la convenance");
INSERT INTO composition (recette_id, ingr_id, composition_quantite) VALUES (19, 13, "Selon la convenance");
INSERT INTO composition (recette_id, ingr_id, composition_quantite) VALUES (19, 14, "Selon la convenance");
INSERT INTO composition (recette_id, ingr_id, composition_quantite) VALUES (20, 53, "2");
INSERT INTO composition (recette_id, ingr_id, composition_quantite) VALUES (20, 86, "1");
INSERT INTO composition (recette_id, ingr_id, composition_quantite) VALUES (20, 51, "1");
INSERT INTO composition (recette_id, ingr_id, composition_quantite) VALUES (20, 39, "1");
INSERT INTO composition (recette_id, ingr_id, composition_quantite) VALUES (20, 81, "3");
INSERT INTO composition (recette_id, ingr_id, composition_quantite) VALUES (20, 17, "1");
INSERT INTO composition (recette_id, ingr_id, composition_quantite) VALUES (20, 36, "2");
INSERT INTO composition (recette_id, ingr_id, composition_quantite) VALUES (20, 87, "1");
INSERT INTO composition (recette_id, ingr_id, composition_quantite) VALUES (20, 19, "Selon la convenance");
INSERT INTO composition (recette_id, ingr_id, composition_quantite) VALUES (20, 13, "Selon la convenance");
INSERT INTO composition (recette_id, ingr_id, composition_quantite) VALUES (20, 14, "Selon la convenance");
INSERT INTO composition (recette_id, ingr_id, composition_quantite) VALUES (21, 88, "4 à 6");
INSERT INTO composition (recette_id, ingr_id, composition_quantite) VALUES (21, 89, "1");
INSERT INTO composition (recette_id, ingr_id, composition_quantite) VALUES (21, 90, "1");
INSERT INTO composition (recette_id, ingr_id, composition_quantite) VALUES (21, 91, "1/2");
INSERT INTO composition (recette_id, ingr_id, composition_quantite) VALUES (21, 49, "2");
INSERT INTO composition (recette_id, ingr_id, composition_quantite) VALUES (21, 92, "1 sachet");
INSERT INTO composition (recette_id, ingr_id, composition_quantite) VALUES (21, 93, "1/2 bouquet");
INSERT INTO composition (recette_id, ingr_id, composition_quantite) VALUES (21, 94, "1/2 bouquet");
INSERT INTO composition (recette_id, ingr_id, composition_quantite) VALUES (21, 36, "1");
INSERT INTO composition (recette_id, ingr_id, composition_quantite) VALUES (21, 95, "1/2");
INSERT INTO composition (recette_id, ingr_id, composition_quantite) VALUES (21, 6, "3 cuillères à soupe");
INSERT INTO composition (recette_id, ingr_id, composition_quantite) VALUES (21, 96, "2 à 3 cuillères à soupe");
INSERT INTO composition (recette_id, ingr_id, composition_quantite) VALUES (21, 97, "2 cuillères à soupe");
INSERT INTO composition (recette_id, ingr_id, composition_quantite) VALUES (21, 73, "1 pincée");
INSERT INTO composition (recette_id, ingr_id, composition_quantite) VALUES (21, 98, "2 cuillères à café");
INSERT INTO composition (recette_id, ingr_id, composition_quantite) VALUES (21, 99, "2 poignées");
INSERT INTO composition (recette_id, ingr_id, composition_quantite) VALUES (21, 100, "2");
INSERT INTO composition (recette_id, ingr_id, composition_quantite) VALUES (22, 101, "1 rouleau");
INSERT INTO composition (recette_id, ingr_id, composition_quantite) VALUES (22, 102, "1/2");
INSERT INTO composition (recette_id, ingr_id, composition_quantite) VALUES (22, 77, "50 g");
INSERT INTO composition (recette_id, ingr_id, composition_quantite) VALUES (22, 103, "200 g");
INSERT INTO composition (recette_id, ingr_id, composition_quantite) VALUES (22, 104, "Selon la convenance");
INSERT INTO composition (recette_id, ingr_id, composition_quantite) VALUES (23, 21, "500 g");
INSERT INTO composition (recette_id, ingr_id, composition_quantite) VALUES (23, 105, "250 g");
INSERT INTO composition (recette_id, ingr_id, composition_quantite) VALUES (23, 106, "2");
INSERT INTO composition (recette_id, ingr_id, composition_quantite) VALUES (23, 107, "1 cuillère à café");
INSERT INTO composition (recette_id, ingr_id, composition_quantite) VALUES (23, 36, "1");
INSERT INTO composition (recette_id, ingr_id, composition_quantite) VALUES (23, 57, "1");
INSERT INTO composition (recette_id, ingr_id, composition_quantite) VALUES (23, 19, "Selon la convenance");
INSERT INTO composition (recette_id, ingr_id, composition_quantite) VALUES (23, 12, "2 cuillères à soupe");
INSERT INTO composition (recette_id, ingr_id, composition_quantite) VALUES (23, 108, "1 cuillère à soupe");
INSERT INTO composition (recette_id, ingr_id, composition_quantite) VALUES (23, 49, "1");
INSERT INTO composition (recette_id, ingr_id, composition_quantite) VALUES (23, 109, "1/4");
INSERT INTO composition (recette_id, ingr_id, composition_quantite) VALUES (23, 61, "2 branches");
INSERT INTO composition (recette_id, ingr_id, composition_quantite) VALUES (23, 110, "Selon la convenance");
INSERT INTO composition (recette_id, ingr_id, composition_quantite) VALUES (24, 101, "1");
INSERT INTO composition (recette_id, ingr_id, composition_quantite) VALUES (24, 111, "3 petits");
INSERT INTO composition (recette_id, ingr_id, composition_quantite) VALUES (24, 112, "200 g");
INSERT INTO composition (recette_id, ingr_id, composition_quantite) VALUES (24, 18, "4");
INSERT INTO composition (recette_id, ingr_id, composition_quantite) VALUES (24, 32, "500 g");
INSERT INTO composition (recette_id, ingr_id, composition_quantite) VALUES (24, 103, "1");
INSERT INTO composition (recette_id, ingr_id, composition_quantite) VALUES (24, 13, "Selon la convenance");
INSERT INTO composition (recette_id, ingr_id, composition_quantite) VALUES (24, 113, "Selon la convenance");
INSERT INTO composition (recette_id, ingr_id, composition_quantite) VALUES (24, 45, "3 pincées");
INSERT INTO composition (recette_id, ingr_id, composition_quantite) VALUES (24, 114, "3 pincées");
INSERT INTO composition (recette_id, ingr_id, composition_quantite) VALUES (24, 3, "40 g");
INSERT INTO composition (recette_id, ingr_id, composition_quantite) VALUES (25, 16, "1 kg");
INSERT INTO composition (recette_id, ingr_id, composition_quantite) VALUES (25, 36, "2");
INSERT INTO composition (recette_id, ingr_id, composition_quantite) VALUES (25, 5, "15 cl");
INSERT INTO composition (recette_id, ingr_id, composition_quantite) VALUES (25, 32, "2 cuillères à soupe");
INSERT INTO composition (recette_id, ingr_id, composition_quantite) VALUES (25, 3, "20 g");
INSERT INTO composition (recette_id, ingr_id, composition_quantite) VALUES (25, 85, "2 cuillères à café");
INSERT INTO composition (recette_id, ingr_id, composition_quantite) VALUES (25, 13, "Selon la convenance");
INSERT INTO composition (recette_id, ingr_id, composition_quantite) VALUES (25, 14, "Selon la convenance");
INSERT INTO composition (recette_id, ingr_id, composition_quantite) VALUES (26, 101, "4 carrés");
INSERT INTO composition (recette_id, ingr_id, composition_quantite) VALUES (26, 111, "4");
INSERT INTO composition (recette_id, ingr_id, composition_quantite) VALUES (26, 3, "Selon la convenance");
INSERT INTO composition (recette_id, ingr_id, composition_quantite) VALUES (26, 78, "En dés selon la convenance");
INSERT INTO composition (recette_id, ingr_id, composition_quantite) VALUES (26, 13, "Selon la convenance");
INSERT INTO composition (recette_id, ingr_id, composition_quantite) VALUES (26, 14, "Selon la convenance");
INSERT INTO composition (recette_id, ingr_id, composition_quantite) VALUES (27, 115, "8 tranches");
INSERT INTO composition (recette_id, ingr_id, composition_quantite) VALUES (27, 3, "50 g mou");
INSERT INTO composition (recette_id, ingr_id, composition_quantite) VALUES (27, 22, "4 tranches");
INSERT INTO composition (recette_id, ingr_id, composition_quantite) VALUES (27, 116, "8 tranches");
INSERT INTO composition (recette_id, ingr_id, composition_quantite) VALUES (27, 77, "100 g");
INSERT INTO composition (recette_id, ingr_id, composition_quantite) VALUES (27, 5, "4 cuillères à soupe");
INSERT INTO composition (recette_id, ingr_id, composition_quantite) VALUES (27, 85, "1 pincée");
INSERT INTO composition (recette_id, ingr_id, composition_quantite) VALUES (27, 13, "Selon la convenance");
INSERT INTO composition (recette_id, ingr_id, composition_quantite) VALUES (27, 14, "Selon la convenance");
INSERT INTO composition (recette_id, ingr_id, composition_quantite) VALUES (28, 117, "2");
INSERT INTO composition (recette_id, ingr_id, composition_quantite) VALUES (28, 15, "25 g");
INSERT INTO composition (recette_id, ingr_id, composition_quantite) VALUES (28, 118, "4 tranches");
INSERT INTO composition (recette_id, ingr_id, composition_quantite) VALUES (28, 19, "2 cuillères à soupe");
INSERT INTO composition (recette_id, ingr_id, composition_quantite) VALUES (28, 18, "1");
INSERT INTO composition (recette_id, ingr_id, composition_quantite) VALUES (28, 11, "25 g");
INSERT INTO composition (recette_id, ingr_id, composition_quantite) VALUES (28, 119, "2 cuillères à café");
INSERT INTO composition (recette_id, ingr_id, composition_quantite) VALUES (28, 120, "1/2 cuillère à café");
INSERT INTO composition (recette_id, ingr_id, composition_quantite) VALUES (28, 38, "1 trait");
INSERT INTO composition (recette_id, ingr_id, composition_quantite) VALUES (28, 95, "Selon la convenance");
INSERT INTO composition (recette_id, ingr_id, composition_quantite) VALUES (28, 36, "1");
INSERT INTO composition (recette_id, ingr_id, composition_quantite) VALUES (28, 19, "15 cl");
INSERT INTO composition (recette_id, ingr_id, composition_quantite) VALUES (28, 13, "Selon la convenance");
INSERT INTO composition (recette_id, ingr_id, composition_quantite) VALUES (28, 14, "Selon la convenance");
INSERT INTO composition (recette_id, ingr_id, composition_quantite) VALUES (29, 16, "1,5 kg");
INSERT INTO composition (recette_id, ingr_id, composition_quantite) VALUES (29, 36, "2");
INSERT INTO composition (recette_id, ingr_id, composition_quantite) VALUES (29, 10, "30 cl");
INSERT INTO composition (recette_id, ingr_id, composition_quantite) VALUES (29, 3, "100 g");
INSERT INTO composition (recette_id, ingr_id, composition_quantite) VALUES (29, 5, "1 l");
INSERT INTO composition (recette_id, ingr_id, composition_quantite) VALUES (29, 85, "Selon la convenance");
INSERT INTO composition (recette_id, ingr_id, composition_quantite) VALUES (29, 13, "Selon la convenance");
INSERT INTO composition (recette_id, ingr_id, composition_quantite) VALUES (29, 14, "Selon la convenance");
INSERT INTO composition (recette_id, ingr_id, composition_quantite) VALUES (30, 121, "400 g");
INSERT INTO composition (recette_id, ingr_id, composition_quantite) VALUES (30, 60, "25 cl");
INSERT INTO composition (recette_id, ingr_id, composition_quantite) VALUES (30, 77, "150 g");
INSERT INTO composition (recette_id, ingr_id, composition_quantite) VALUES (30, 85, "1 noix");
INSERT INTO composition (recette_id, ingr_id, composition_quantite) VALUES (30, 61, "1 petit bouquet");
INSERT INTO composition (recette_id, ingr_id, composition_quantite) VALUES (30, 67, "4 cuillères à soupe");
INSERT INTO composition (recette_id, ingr_id, composition_quantite) VALUES (30, 3, "25 g");
INSERT INTO composition (recette_id, ingr_id, composition_quantite) VALUES (30, 4, "25 g");
INSERT INTO composition (recette_id, ingr_id, composition_quantite) VALUES (30, 13, "Selon la convenance");
INSERT INTO composition (recette_id, ingr_id, composition_quantite) VALUES (30, 14, "Selon la convenance")

INSERT INTO utilisateur (utilisateur_id, utilisateur_nom, utilisateur_prenom, utilisateur_login, utilisateur_email, utilisateur_mdp) VALUES (1, "Dupont", "Jean", "Admin", "admin@gmail.com", "kamehameha")
