BEGIN TRANSACTION;
DROP TABLE IF EXISTS "Plat";
CREATE TABLE IF NOT EXISTS "Plat" (
	"plat_id"	INTEGER NOT NULL UNIQUE,
	"plat_nom"	TINYTEXT NOT NULL,
	"plat_recette"	VARCHAR(100) NOT NULL,
	"plat_type"	TINYTEXT NOT NULL,
	"plat_nombre_convives"	INTEGER NOT NULL,
	PRIMARY KEY("plat_id" AUTOINCREMENT)
);
DROP TABLE IF EXISTS "Ingredient";
CREATE TABLE IF NOT EXISTS "Ingredient" (
	"ingredient_id"	INTEGER NOT NULL UNIQUE,
	"ingredient_nom"	TINYTEXT NOT NULL,
	"ingredient_type"	TINYTEXT NOT NULL,
	PRIMARY KEY("ingredient_id" AUTOINCREMENT)
);
DROP TABLE IF EXISTS "composition";
CREATE TABLE IF NOT EXISTS "composition" (
	"composition_id"	INTEGER NOT NULL UNIQUE,
	"composition_plat_id"	INTEGER NOT NULL,
	"composition_ingredient_id"	INTEGER NOT NULL,
	"quantite"	VARCHAR(100),
	FOREIGN KEY("composition_ingredient_id") REFERENCES "Ingredient"("ingredient_id"),
	PRIMARY KEY("composition_id" AUTOINCREMENT),
	FOREIGN KEY("composition_plat_id") REFERENCES "Plat"("plat_id")
);
DROP TABLE IF EXISTS "authorship";
CREATE TABLE IF NOT EXISTS "authorship" (
	"authorship_id"	INTEGER NOT NULL UNIQUE,
	"authorship_plat_id"	INTEGER NOT NULL,
	"authorship_user_id"	INTEGER NOT NULL,
	"authorship_date"	DATETIME DEFAULT current_timestamp,
	FOREIGN KEY("authorship_plat_id") REFERENCES "Plat"("plat_id"),
	PRIMARY KEY("authorship_id" AUTOINCREMENT),
	FOREIGN KEY("authorship_user_id") REFERENCES "User"("user_id")
);
DROP TABLE IF EXISTS "User";
CREATE TABLE IF NOT EXISTS "User" (
	"user_id"	INTEGER NOT NULL UNIQUE,
	"user_nom"	TINYTEXT NOT NULL,
	"user_prenom"	TINYTEXT NOT NULL,
	"user_login"	VARCHAR(45) NOT NULL,
	"user_email"	VARCHAR(45) NOT NULL,
	"user_password"	VARCHAR(100) NOT NULL,
	PRIMARY KEY("user_id" AUTOINCREMENT)
);
INSERT INTO "Plat" ("plat_id","plat_nom","plat_recette","plat_type","plat_nombre_convives") VALUES (1,'Gratin de chou-fleur','https://www.marmiton.org/recettes/recette_gratin-de-chou-fleur_23112.aspx','Plat principal',4);
INSERT INTO "Plat" ("plat_id","plat_nom","plat_recette","plat_type","plat_nombre_convives") VALUES (2,'Coquillettes au jambon','https://cuisine.journaldesfemmes.fr/recette/1022547-coquillettes-au-jambon-de-juan-arbelaez','Plat principal',4);
INSERT INTO "Plat" ("plat_id","plat_nom","plat_recette","plat_type","plat_nombre_convives") VALUES (3,'Galettes de pommes de terre','https://www.marmiton.org/recettes/recette_galettes-de-pomme-de-terre_14072.aspx','Plat principal',4);
INSERT INTO "Plat" ("plat_id","plat_nom","plat_recette","plat_type","plat_nombre_convives") VALUES (4,'Riz cantonais','https://www.marmiton.org/recettes/recette_riz-cantonais-facile_27686.aspx','Plat principal',4);
INSERT INTO "Plat" ("plat_id","plat_nom","plat_recette","plat_type","plat_nombre_convives") VALUES (5,'Risotto au gorgonzola et aux champignons de Paris','http://pique-assiette.over-blog.com/article-risotto-champignons-et-gorgonzola-a-terminer-55697722.html','Plat principal',4);
INSERT INTO "Plat" ("plat_id","plat_nom","plat_recette","plat_type","plat_nombre_convives") VALUES (6,'Pâtes carbonara','https://www.marmiton.org/recettes/recette_pates-a-la-carbonara_80453.aspx','Plat principal',4);
INSERT INTO "Plat" ("plat_id","plat_nom","plat_recette","plat_type","plat_nombre_convives") VALUES (7,'Pâtes à la bolognaise','https://www.marmiton.org/recettes/recette_pates-a-la-bolognaise-facile_20482.aspx','Plat principal',4);
INSERT INTO "Plat" ("plat_id","plat_nom","plat_recette","plat_type","plat_nombre_convives") VALUES (8,'Chili con carne','https://www.marmiton.org/recettes/recette_chili-con-carne_29198.aspx','Plat principal',8);
INSERT INTO "Plat" ("plat_id","plat_nom","plat_recette","plat_type","plat_nombre_convives") VALUES (9,'Couscous','https://www.marmiton.org/recettes/recette_mon-couscous-marocain_165525.aspx','Plat principal',4);
INSERT INTO "Plat" ("plat_id","plat_nom","plat_recette","plat_type","plat_nombre_convives") VALUES (10,'Poulet aux champignons et à la crème','https://www.cuisineactuelle.fr/recettes/poulet-a-la-creme-et-aux-champignons-193632','Plat principal',6);
INSERT INTO "Plat" ("plat_id","plat_nom","plat_recette","plat_type","plat_nombre_convives") VALUES (11,'Poulet au curry','https://www.750g.com/poulet-au-curry-r2251.htm','Plat principal',4);
INSERT INTO "Plat" ("plat_id","plat_nom","plat_recette","plat_type","plat_nombre_convives") VALUES (12,'Tartiflette','https://www.marmiton.org/recettes/recette_la-vraie-tartiflette_17634.aspx','Plat principal',4);
INSERT INTO "Plat" ("plat_id","plat_nom","plat_recette","plat_type","plat_nombre_convives") VALUES (13,'Nuggets de poulet au fromage','https://www.marmiton.org/recettes/recette_nuggets-de-poulet-au-fromage_30112.aspx','Plat principal',1);
INSERT INTO "Plat" ("plat_id","plat_nom","plat_recette","plat_type","plat_nombre_convives") VALUES (14,'Empanadas au boeuf et au chorizo','https://www.750g.com/empanadas-au-boeuf-et-chorizo-r206140.htm','Entrée',6);
INSERT INTO "Plat" ("plat_id","plat_nom","plat_recette","plat_type","plat_nombre_convives") VALUES (15,'Risotto aux tomates confites et chorizo','https://www.marmiton.org/recettes/recette_risotto-au-chorizo-et-a-la-tomate_39320.aspx','Plat principal',4);
INSERT INTO "Plat" ("plat_id","plat_nom","plat_recette","plat_type","plat_nombre_convives") VALUES (16,'Pizza reine','https://www.cuisineaz.com/recettes/pizza-reine-62558.aspx','Plat principal',4);
INSERT INTO "Plat" ("plat_id","plat_nom","plat_recette","plat_type","plat_nombre_convives") VALUES (17,'Cake à la feta et aux olives','https://www.cuisineactuelle.fr/recettes/cake-aux-olives-et-a-la-feta-195788','Entrée',4);
INSERT INTO "Plat" ("plat_id","plat_nom","plat_recette","plat_type","plat_nombre_convives") VALUES (18,'Flan de légumes','https://cuisine.journaldesfemmes.fr/recette/326482-flans-de-legumes','Entrée',4);
INSERT INTO "Plat" ("plat_id","plat_nom","plat_recette","plat_type","plat_nombre_convives") VALUES (19,'Quiche lorraine','https://www.marmiton.org/recettes/recette_quiche-lorraine_30283.aspx','Plat principal',4);
INSERT INTO "Plat" ("plat_id","plat_nom","plat_recette","plat_type","plat_nombre_convives") VALUES (20,'Ratatouille','https://cuisine.journaldesfemmes.fr/recette/317747-ratatouille','Accompagnement',4);
INSERT INTO "Plat" ("plat_id","plat_nom","plat_recette","plat_type","plat_nombre_convives") VALUES (21,'Bobun','https://cuisine.journaldesfemmes.fr/recette/317228-bo-bun','Plat principal',2);
INSERT INTO "Plat" ("plat_id","plat_nom","plat_recette","plat_type","plat_nombre_convives") VALUES (22,'Tarte à la tomate et au fromage','https://www.marmiton.org/recettes/recette_tarte-tomate-et-fromage_13637.aspx','Plat principal',4);
INSERT INTO "Plat" ("plat_id","plat_nom","plat_recette","plat_type","plat_nombre_convives") VALUES (23,'Nouilles sautées aux crevettes','https://www.cuisineactuelle.fr/recettes/nouilles-sautees-aux-crevettes-217718','Plat principal',4);
INSERT INTO "Plat" ("plat_id","plat_nom","plat_recette","plat_type","plat_nombre_convives") VALUES (24,'Quiche aux poireaux, au fromage et au jambon','https://cuisine.journaldesfemmes.fr/recette/1010318-quiche-cremeuse-poireaux-jambon-au-fromage-de-chevre','Plat principal',6);
INSERT INTO "Plat" ("plat_id","plat_nom","plat_recette","plat_type","plat_nombre_convives") VALUES (25,'Purée de pommes de terre','https://www.cuisineaz.com/recettes/puree-de-pommes-de-terre-maison-12202.aspx','Accompagnement',4);
INSERT INTO "Plat" ("plat_id","plat_nom","plat_recette","plat_type","plat_nombre_convives") VALUES (26,'Feuilletés aux poireaux et à la feta','https://www.ptitchef.com/recettes/entree/feuillete-a-la-fondue-de-poireauxfeta-fid-1378360','Entrée',4);
INSERT INTO "Plat" ("plat_id","plat_nom","plat_recette","plat_type","plat_nombre_convives") VALUES (27,'Croque-monsieur','https://www.marmiton.org/recettes/recette_croque-monsieur_19208.aspx','Plat principal',4);
INSERT INTO "Plat" ("plat_id","plat_nom","plat_recette","plat_type","plat_nombre_convives") VALUES (28,'Salade César','https://www.marmiton.org/recettes/recette_salade-cesar_32442.aspx','Plat principal',4);
INSERT INTO "Plat" ("plat_id","plat_nom","plat_recette","plat_type","plat_nombre_convives") VALUES (29,'Gratin dauphinois','https://www.marmiton.org/recettes/recette_gratin-dauphinois_13809.aspx','Accompagnement',6);
INSERT INTO "Plat" ("plat_id","plat_nom","plat_recette","plat_type","plat_nombre_convives") VALUES (30,'Macaronis au fromage','https://www.cuisineactuelle.fr/recettes/macaronis-au-fromage-328333','Plat principal',4);
INSERT INTO "Ingredient" ("ingredient_id","ingredient_nom","ingredient_type") VALUES (1,'Chou-fleur','Légume');
INSERT INTO "Ingredient" ("ingredient_id","ingredient_nom","ingredient_type") VALUES (2,'Lardons (selon la convenance)','Viande');
INSERT INTO "Ingredient" ("ingredient_id","ingredient_nom","ingredient_type") VALUES (3,'Beurre','Laitage');
INSERT INTO "Ingredient" ("ingredient_id","ingredient_nom","ingredient_type") VALUES (4,'Farine de blé','Féculent');
INSERT INTO "Ingredient" ("ingredient_id","ingredient_nom","ingredient_type") VALUES (5,'Lait','Laitage');
INSERT INTO "Ingredient" ("ingredient_id","ingredient_nom","ingredient_type") VALUES (6,'Eau','Eau');
INSERT INTO "Ingredient" ("ingredient_id","ingredient_nom","ingredient_type") VALUES (7,'Gros sel','Epice');
INSERT INTO "Ingredient" ("ingredient_id","ingredient_nom","ingredient_type") VALUES (8,'Coquillette','Féculent');
INSERT INTO "Ingredient" ("ingredient_id","ingredient_nom","ingredient_type") VALUES (9,'Tranche de jambon d''un cm d''épaisseur','Viande');
INSERT INTO "Ingredient" ("ingredient_id","ingredient_nom","ingredient_type") VALUES (10,'Crème','Laitage');
INSERT INTO "Ingredient" ("ingredient_id","ingredient_nom","ingredient_type") VALUES (11,'Parmesan râpé (ou Grana Padano)','Fromage');
INSERT INTO "Ingredient" ("ingredient_id","ingredient_nom","ingredient_type") VALUES (12,'Sauce soja','Condiment');
INSERT INTO "Ingredient" ("ingredient_id","ingredient_nom","ingredient_type") VALUES (13,'Sel fin','Epice');
INSERT INTO "Ingredient" ("ingredient_id","ingredient_nom","ingredient_type") VALUES (14,'Poivre','Epice');
INSERT INTO "Ingredient" ("ingredient_id","ingredient_nom","ingredient_type") VALUES (15,'Copeaux de parmesan','Fromage');
INSERT INTO "Ingredient" ("ingredient_id","ingredient_nom","ingredient_type") VALUES (16,'Pomme de terre','Légume');
INSERT INTO "Ingredient" ("ingredient_id","ingredient_nom","ingredient_type") VALUES (17,'Oignon selon convenance','Légume');
INSERT INTO "Ingredient" ("ingredient_id","ingredient_nom","ingredient_type") VALUES (18,'Oeuf','Oeuf');
INSERT INTO "Ingredient" ("ingredient_id","ingredient_nom","ingredient_type") VALUES (19,'Huile d''olives','Condiment');
INSERT INTO "Ingredient" ("ingredient_id","ingredient_nom","ingredient_type") VALUES (20,'Riz','Féculent');
INSERT INTO "Ingredient" ("ingredient_id","ingredient_nom","ingredient_type") VALUES (21,'Crevettes décortiquées','Fruit de mer');
INSERT INTO "Ingredient" ("ingredient_id","ingredient_nom","ingredient_type") VALUES (22,'Jambon blanc','Viande');
INSERT INTO "Ingredient" ("ingredient_id","ingredient_nom","ingredient_type") VALUES (23,'Petit pois','Légume');
INSERT INTO "Ingredient" ("ingredient_id","ingredient_nom","ingredient_type") VALUES (24,'Riz Arborio','Féculent');
INSERT INTO "Ingredient" ("ingredient_id","ingredient_nom","ingredient_type") VALUES (25,'Cube de bouillon de légumes','Condiment');
INSERT INTO "Ingredient" ("ingredient_id","ingredient_nom","ingredient_type") VALUES (26,'Vin blanc de cuisine','Alcool');
INSERT INTO "Ingredient" ("ingredient_id","ingredient_nom","ingredient_type") VALUES (27,'Gorgonzola','Fromage');
INSERT INTO "Ingredient" ("ingredient_id","ingredient_nom","ingredient_type") VALUES (28,'Champignon de Paris','Légume');
INSERT INTO "Ingredient" ("ingredient_id","ingredient_nom","ingredient_type") VALUES (29,'Echalote hâchée','Légume');
INSERT INTO "Ingredient" ("ingredient_id","ingredient_nom","ingredient_type") VALUES (30,'Parmesan en poudre','Fromage');
INSERT INTO "Ingredient" ("ingredient_id","ingredient_nom","ingredient_type") VALUES (31,'Pâtes (au choix)','Féculent');
INSERT INTO "Ingredient" ("ingredient_id","ingredient_nom","ingredient_type") VALUES (32,'Crème fraiche épaisse','Laitage');
INSERT INTO "Ingredient" ("ingredient_id","ingredient_nom","ingredient_type") VALUES (33,'Jaune d''oeuf','Oeuf');
INSERT INTO "Ingredient" ("ingredient_id","ingredient_nom","ingredient_type") VALUES (34,'Boeuf hâché','Viande');
INSERT INTO "Ingredient" ("ingredient_id","ingredient_nom","ingredient_type") VALUES (35,'Concentré de tomates','Fruit');
INSERT INTO "Ingredient" ("ingredient_id","ingredient_nom","ingredient_type") VALUES (36,'Gousse d''ail','Légume');
INSERT INTO "Ingredient" ("ingredient_id","ingredient_nom","ingredient_type") VALUES (37,'Sauce Worcester','Condiment');
INSERT INTO "Ingredient" ("ingredient_id","ingredient_nom","ingredient_type") VALUES (38,'Tabasco','Condiment');
INSERT INTO "Ingredient" ("ingredient_id","ingredient_nom","ingredient_type") VALUES (39,'Poivron rouge','Fruit');
INSERT INTO "Ingredient" ("ingredient_id","ingredient_nom","ingredient_type") VALUES (40,'Boite de tomates au naturel pelées','Fruit');
INSERT INTO "Ingredient" ("ingredient_id","ingredient_nom","ingredient_type") VALUES (41,'Haricot rouge égoutté','Légume');
INSERT INTO "Ingredient" ("ingredient_id","ingredient_nom","ingredient_type") VALUES (42,'Bouillon Kub','Condiment');
INSERT INTO "Ingredient" ("ingredient_id","ingredient_nom","ingredient_type") VALUES (43,'Cumin','Epice');
INSERT INTO "Ingredient" ("ingredient_id","ingredient_nom","ingredient_type") VALUES (44,'Origan séché','Epice');
INSERT INTO "Ingredient" ("ingredient_id","ingredient_nom","ingredient_type") VALUES (45,'Piment d''Espelette','Epice');
INSERT INTO "Ingredient" ("ingredient_id","ingredient_nom","ingredient_type") VALUES (46,'Piment de Cayenne','Epice');
INSERT INTO "Ingredient" ("ingredient_id","ingredient_nom","ingredient_type") VALUES (47,'Mélange de viandes (boeuf, agneau, poulet)','Viande');
INSERT INTO "Ingredient" ("ingredient_id","ingredient_nom","ingredient_type") VALUES (48,'Merguez','Viande');
INSERT INTO "Ingredient" ("ingredient_id","ingredient_nom","ingredient_type") VALUES (49,'Carotte','Légume');
INSERT INTO "Ingredient" ("ingredient_id","ingredient_nom","ingredient_type") VALUES (50,'Navets','Légume');
INSERT INTO "Ingredient" ("ingredient_id","ingredient_nom","ingredient_type") VALUES (51,'Poivron vert','Fruit');
INSERT INTO "Ingredient" ("ingredient_id","ingredient_nom","ingredient_type") VALUES (52,'Chou blanchi','Légume');
INSERT INTO "Ingredient" ("ingredient_id","ingredient_nom","ingredient_type") VALUES (53,'Courgette','Fruit');
INSERT INTO "Ingredient" ("ingredient_id","ingredient_nom","ingredient_type") VALUES (54,'Citrouille','Légume');
INSERT INTO "Ingredient" ("ingredient_id","ingredient_nom","ingredient_type") VALUES (55,'Pois chiche','Légume');
INSERT INTO "Ingredient" ("ingredient_id","ingredient_nom","ingredient_type") VALUES (56,'Poulet fermier','Viande');
INSERT INTO "Ingredient" ("ingredient_id","ingredient_nom","ingredient_type") VALUES (57,'Echalote','Légume');
INSERT INTO "Ingredient" ("ingredient_id","ingredient_nom","ingredient_type") VALUES (58,'Champignon divers','Légume');
INSERT INTO "Ingredient" ("ingredient_id","ingredient_nom","ingredient_type") VALUES (59,'Bouillon de volaille','Condiment');
INSERT INTO "Ingredient" ("ingredient_id","ingredient_nom","ingredient_type") VALUES (60,'Crème liquide','Laitage');
INSERT INTO "Ingredient" ("ingredient_id","ingredient_nom","ingredient_type") VALUES (61,'Persil plat','Aromate');
INSERT INTO "Ingredient" ("ingredient_id","ingredient_nom","ingredient_type") VALUES (62,'Blanc de poulet','Viande');
INSERT INTO "Ingredient" ("ingredient_id","ingredient_nom","ingredient_type") VALUES (63,'Curry en poudre','Epice');
INSERT INTO "Ingredient" ("ingredient_id","ingredient_nom","ingredient_type") VALUES (64,'Oignon jaune','Légume');
INSERT INTO "Ingredient" ("ingredient_id","ingredient_nom","ingredient_type") VALUES (65,'Lardon fumé','Viande');
INSERT INTO "Ingredient" ("ingredient_id","ingredient_nom","ingredient_type") VALUES (66,'Reblochon','Fromage');
INSERT INTO "Ingredient" ("ingredient_id","ingredient_nom","ingredient_type") VALUES (67,'Chapelure','Féculent');
INSERT INTO "Ingredient" ("ingredient_id","ingredient_nom","ingredient_type") VALUES (68,'Comté','Fromage');
INSERT INTO "Ingredient" ("ingredient_id","ingredient_nom","ingredient_type") VALUES (69,'Oignon rouge','Légume');
INSERT INTO "Ingredient" ("ingredient_id","ingredient_nom","ingredient_type") VALUES (70,'Chorizo','Viande');
INSERT INTO "Ingredient" ("ingredient_id","ingredient_nom","ingredient_type") VALUES (71,'Paprika fumé','Epice');
INSERT INTO "Ingredient" ("ingredient_id","ingredient_nom","ingredient_type") VALUES (72,'Bouillon de boeuf','Condiment');
INSERT INTO "Ingredient" ("ingredient_id","ingredient_nom","ingredient_type") VALUES (73,'Sucre','Condiment');
INSERT INTO "Ingredient" ("ingredient_id","ingredient_nom","ingredient_type") VALUES (74,'Purée de tomate','Fruit');
INSERT INTO "Ingredient" ("ingredient_id","ingredient_nom","ingredient_type") VALUES (75,'Levure fraiche boulangère','Condiment');
INSERT INTO "Ingredient" ("ingredient_id","ingredient_nom","ingredient_type") VALUES (76,'Sauce tomate','Fruit');
INSERT INTO "Ingredient" ("ingredient_id","ingredient_nom","ingredient_type") VALUES (77,'Gruyère rapé','Fromage');
INSERT INTO "Ingredient" ("ingredient_id","ingredient_nom","ingredient_type") VALUES (78,'Feta','Fromage');
INSERT INTO "Ingredient" ("ingredient_id","ingredient_nom","ingredient_type") VALUES (79,'Olive verte','Fruit');
INSERT INTO "Ingredient" ("ingredient_id","ingredient_nom","ingredient_type") VALUES (80,'Levure chimique','Condiment');
INSERT INTO "Ingredient" ("ingredient_id","ingredient_nom","ingredient_type") VALUES (81,'Tomate','Fruit');
INSERT INTO "Ingredient" ("ingredient_id","ingredient_nom","ingredient_type") VALUES (82,'Comté rapé','Fromage');
INSERT INTO "Ingredient" ("ingredient_id","ingredient_nom","ingredient_type") VALUES (83,'Maïzena','Condiment');
INSERT INTO "Ingredient" ("ingredient_id","ingredient_nom","ingredient_type") VALUES (84,'Pâte brisée','Ingrédient préparé');
INSERT INTO "Ingredient" ("ingredient_id","ingredient_nom","ingredient_type") VALUES (85,'Muscade','Epice');
INSERT INTO "Ingredient" ("ingredient_id","ingredient_nom","ingredient_type") VALUES (86,'Aubergine','Fruit');
INSERT INTO "Ingredient" ("ingredient_id","ingredient_nom","ingredient_type") VALUES (87,'Bouquet garni','Aromate');
INSERT INTO "Ingredient" ("ingredient_id","ingredient_nom","ingredient_type") VALUES (88,'Nem selon la convenance','Ingrédient préparé');
INSERT INTO "Ingredient" ("ingredient_id","ingredient_nom","ingredient_type") VALUES (89,'Sauce nem','Condiment');
INSERT INTO "Ingredient" ("ingredient_id","ingredient_nom","ingredient_type") VALUES (90,'Laitue','Légume');
INSERT INTO "Ingredient" ("ingredient_id","ingredient_nom","ingredient_type") VALUES (91,'Concombre','Légume');
INSERT INTO "Ingredient" ("ingredient_id","ingredient_nom","ingredient_type") VALUES (92,'Vermicelles de riz','Féculent');
INSERT INTO "Ingredient" ("ingredient_id","ingredient_nom","ingredient_type") VALUES (93,'Coriandre','Aromate');
INSERT INTO "Ingredient" ("ingredient_id","ingredient_nom","ingredient_type") VALUES (94,'Menthe','Aromate');
INSERT INTO "Ingredient" ("ingredient_id","ingredient_nom","ingredient_type") VALUES (95,'Citron jaune','Fruit');
INSERT INTO "Ingredient" ("ingredient_id","ingredient_nom","ingredient_type") VALUES (96,'Nuoc mâm','Condiment');
INSERT INTO "Ingredient" ("ingredient_id","ingredient_nom","ingredient_type") VALUES (97,'Vinaigre de vin','Condiment');
INSERT INTO "Ingredient" ("ingredient_id","ingredient_nom","ingredient_type") VALUES (98,'Gingembre en poudre','Epice');
INSERT INTO "Ingredient" ("ingredient_id","ingredient_nom","ingredient_type") VALUES (99,'Cacahuète pilée','Condiment');
INSERT INTO "Ingredient" ("ingredient_id","ingredient_nom","ingredient_type") VALUES (100,'Bavettes de boeuf','Viande');
INSERT INTO "Ingredient" ("ingredient_id","ingredient_nom","ingredient_type") VALUES (101,'Pâte feuilletée','Ingrédient préparé');
INSERT INTO "Ingredient" ("ingredient_id","ingredient_nom","ingredient_type") VALUES (102,'Boite de tomates concassées','Fruit');
INSERT INTO "Ingredient" ("ingredient_id","ingredient_nom","ingredient_type") VALUES (103,'Buche de fromage de chèvre','Fromage');
INSERT INTO "Ingredient" ("ingredient_id","ingredient_nom","ingredient_type") VALUES (104,'Herbes de Provence','Aromate');
INSERT INTO "Ingredient" ("ingredient_id","ingredient_nom","ingredient_type") VALUES (105,'Nouilles chinoises','Féculent');
INSERT INTO "Ingredient" ("ingredient_id","ingredient_nom","ingredient_type") VALUES (106,'Tige de citronelle','Aromate');
INSERT INTO "Ingredient" ("ingredient_id","ingredient_nom","ingredient_type") VALUES (107,'Gigembre frais rapé','Epice');
INSERT INTO "Ingredient" ("ingredient_id","ingredient_nom","ingredient_type") VALUES (108,'Vinaigre de riz','Condiment');
INSERT INTO "Ingredient" ("ingredient_id","ingredient_nom","ingredient_type") VALUES (109,'Poivron jaune','Fruit');
INSERT INTO "Ingredient" ("ingredient_id","ingredient_nom","ingredient_type") VALUES (110,'Poivre de Sichuan','Epice');
INSERT INTO "Ingredient" ("ingredient_id","ingredient_nom","ingredient_type") VALUES (111,'Poireau','Légume');
INSERT INTO "Ingredient" ("ingredient_id","ingredient_nom","ingredient_type") VALUES (112,'Dé de jambon','Viande');
INSERT INTO "Ingredient" ("ingredient_id","ingredient_nom","ingredient_type") VALUES (113,'Poivre aux cinq baies','Epice');
INSERT INTO "Ingredient" ("ingredient_id","ingredient_nom","ingredient_type") VALUES (114,'Flocon de légumes','Légume');
INSERT INTO "Ingredient" ("ingredient_id","ingredient_nom","ingredient_type") VALUES (115,'Pain de mie industriel','Ingrédient préparé');
INSERT INTO "Ingredient" ("ingredient_id","ingredient_nom","ingredient_type") VALUES (116,'Fromage spécial croque monsieur','Fromage');
INSERT INTO "Ingredient" ("ingredient_id","ingredient_nom","ingredient_type") VALUES (117,'Coeur de laitue effeuillé','Légume');
INSERT INTO "Ingredient" ("ingredient_id","ingredient_nom","ingredient_type") VALUES (118,'Pain écrouté','Féculent');
INSERT INTO "Ingredient" ("ingredient_id","ingredient_nom","ingredient_type") VALUES (119,'Câpre','Condiment');
INSERT INTO "Ingredient" ("ingredient_id","ingredient_nom","ingredient_type") VALUES (120,'Moutarde','Condiment');
INSERT INTO "Ingredient" ("ingredient_id","ingredient_nom","ingredient_type") VALUES (121,'Macaroni','Féculent');
INSERT INTO "composition" ("composition_id","composition_plat_id","composition_ingredient_id","quantite") VALUES (1,1,1,'1 kg');
INSERT INTO "composition" ("composition_id","composition_plat_id","composition_ingredient_id","quantite") VALUES (2,1,2,'500 g');
INSERT INTO "composition" ("composition_id","composition_plat_id","composition_ingredient_id","quantite") VALUES (3,1,3,'40 g');
INSERT INTO "composition" ("composition_id","composition_plat_id","composition_ingredient_id","quantite") VALUES (4,1,4,'2 cuillères à soupe');
INSERT INTO "composition" ("composition_id","composition_plat_id","composition_ingredient_id","quantite") VALUES (5,1,5,'1 l');
INSERT INTO "composition" ("composition_id","composition_plat_id","composition_ingredient_id","quantite") VALUES (6,2,6,'2 l');
INSERT INTO "composition" ("composition_id","composition_plat_id","composition_ingredient_id","quantite") VALUES (7,2,7,'3 cuillères à soupe');
INSERT INTO "composition" ("composition_id","composition_plat_id","composition_ingredient_id","quantite") VALUES (8,2,8,'400 g');
INSERT INTO "composition" ("composition_id","composition_plat_id","composition_ingredient_id","quantite") VALUES (9,2,9,'1 tranche');
INSERT INTO "composition" ("composition_id","composition_plat_id","composition_ingredient_id","quantite") VALUES (10,2,10,'250 ml');
INSERT INTO "composition" ("composition_id","composition_plat_id","composition_ingredient_id","quantite") VALUES (11,2,11,'50 g');
INSERT INTO "composition" ("composition_id","composition_plat_id","composition_ingredient_id","quantite") VALUES (12,2,12,'1 cuillère à soupe');
INSERT INTO "composition" ("composition_id","composition_plat_id","composition_ingredient_id","quantite") VALUES (13,2,13,'1 pincée');
INSERT INTO "composition" ("composition_id","composition_plat_id","composition_ingredient_id","quantite") VALUES (14,2,14,'1 tour de moulin à poivre');
INSERT INTO "composition" ("composition_id","composition_plat_id","composition_ingredient_id","quantite") VALUES (15,2,15,'Selon la convenance');
INSERT INTO "composition" ("composition_id","composition_plat_id","composition_ingredient_id","quantite") VALUES (16,3,16,'7');
INSERT INTO "composition" ("composition_id","composition_plat_id","composition_ingredient_id","quantite") VALUES (17,3,17,'3');
INSERT INTO "composition" ("composition_id","composition_plat_id","composition_ingredient_id","quantite") VALUES (18,3,18,'1');
INSERT INTO "composition" ("composition_id","composition_plat_id","composition_ingredient_id","quantite") VALUES (19,3,4,'3 cuillères à soupe');
INSERT INTO "composition" ("composition_id","composition_plat_id","composition_ingredient_id","quantite") VALUES (20,3,14,'Selon la convenance');
INSERT INTO "composition" ("composition_id","composition_plat_id","composition_ingredient_id","quantite") VALUES (21,3,13,'Selon la convenance');
INSERT INTO "composition" ("composition_id","composition_plat_id","composition_ingredient_id","quantite") VALUES (22,3,19,'Selon la convenance');
INSERT INTO "composition" ("composition_id","composition_plat_id","composition_ingredient_id","quantite") VALUES (23,4,20,'200 g');
INSERT INTO "composition" ("composition_id","composition_plat_id","composition_ingredient_id","quantite") VALUES (24,4,17,'2');
INSERT INTO "composition" ("composition_id","composition_plat_id","composition_ingredient_id","quantite") VALUES (25,4,18,'2');
INSERT INTO "composition" ("composition_id","composition_plat_id","composition_ingredient_id","quantite") VALUES (26,4,19,'2 cuillères à soupe');
INSERT INTO "composition" ("composition_id","composition_plat_id","composition_ingredient_id","quantite") VALUES (27,4,21,'50 g');
INSERT INTO "composition" ("composition_id","composition_plat_id","composition_ingredient_id","quantite") VALUES (28,4,22,'75 g');
INSERT INTO "composition" ("composition_id","composition_plat_id","composition_ingredient_id","quantite") VALUES (29,4,23,'3 cuillères à soupe');
INSERT INTO "composition" ("composition_id","composition_plat_id","composition_ingredient_id","quantite") VALUES (30,5,24,'250 g');
INSERT INTO "composition" ("composition_id","composition_plat_id","composition_ingredient_id","quantite") VALUES (31,5,25,'1');
INSERT INTO "composition" ("composition_id","composition_plat_id","composition_ingredient_id","quantite") VALUES (32,5,26,'250 ml');
INSERT INTO "composition" ("composition_id","composition_plat_id","composition_ingredient_id","quantite") VALUES (33,5,27,'150 g');
INSERT INTO "composition" ("composition_id","composition_plat_id","composition_ingredient_id","quantite") VALUES (34,5,28,'200 g');
INSERT INTO "composition" ("composition_id","composition_plat_id","composition_ingredient_id","quantite") VALUES (35,5,29,'2');
INSERT INTO "composition" ("composition_id","composition_plat_id","composition_ingredient_id","quantite") VALUES (36,5,30,'50 g');
INSERT INTO "composition" ("composition_id","composition_plat_id","composition_ingredient_id","quantite") VALUES (37,5,19,'1 filet');
INSERT INTO "composition" ("composition_id","composition_plat_id","composition_ingredient_id","quantite") VALUES (38,5,14,'Selon la convenance');
INSERT INTO "composition" ("composition_id","composition_plat_id","composition_ingredient_id","quantite") VALUES (39,6,31,'500 g');
INSERT INTO "composition" ("composition_id","composition_plat_id","composition_ingredient_id","quantite") VALUES (40,6,32,'50 cl');
INSERT INTO "composition" ("composition_id","composition_plat_id","composition_ingredient_id","quantite") VALUES (41,6,33,'3');
INSERT INTO "composition" ("composition_id","composition_plat_id","composition_ingredient_id","quantite") VALUES (42,6,13,'1 pincée');
INSERT INTO "composition" ("composition_id","composition_plat_id","composition_ingredient_id","quantite") VALUES (43,6,14,'Selon la convenance');
INSERT INTO "composition" ("composition_id","composition_plat_id","composition_ingredient_id","quantite") VALUES (44,6,2,'250 g');
INSERT INTO "composition" ("composition_id","composition_plat_id","composition_ingredient_id","quantite") VALUES (45,6,17,'1');
INSERT INTO "composition" ("composition_id","composition_plat_id","composition_ingredient_id","quantite") VALUES (46,7,31,'300 g');
INSERT INTO "composition" ("composition_id","composition_plat_id","composition_ingredient_id","quantite") VALUES (47,7,34,'450 g');
INSERT INTO "composition" ("composition_id","composition_plat_id","composition_ingredient_id","quantite") VALUES (48,7,35,'2 cuillères à soupe');
INSERT INTO "composition" ("composition_id","composition_plat_id","composition_ingredient_id","quantite") VALUES (49,7,17,'1');
INSERT INTO "composition" ("composition_id","composition_plat_id","composition_ingredient_id","quantite") VALUES (50,7,36,'1');
INSERT INTO "composition" ("composition_id","composition_plat_id","composition_ingredient_id","quantite") VALUES (51,7,37,'1 goutte');
INSERT INTO "composition" ("composition_id","composition_plat_id","composition_ingredient_id","quantite") VALUES (52,7,38,'1 goutte');
INSERT INTO "composition" ("composition_id","composition_plat_id","composition_ingredient_id","quantite") VALUES (53,7,11,'100 g');
INSERT INTO "composition" ("composition_id","composition_plat_id","composition_ingredient_id","quantite") VALUES (54,7,19,'2 cuillères à soupe');
INSERT INTO "composition" ("composition_id","composition_plat_id","composition_ingredient_id","quantite") VALUES (55,7,14,'Selon la convenance');
INSERT INTO "composition" ("composition_id","composition_plat_id","composition_ingredient_id","quantite") VALUES (56,7,13,'Selon la convenance');
INSERT INTO "composition" ("composition_id","composition_plat_id","composition_ingredient_id","quantite") VALUES (57,8,17,'2');
INSERT INTO "composition" ("composition_id","composition_plat_id","composition_ingredient_id","quantite") VALUES (58,8,36,'3');
INSERT INTO "composition" ("composition_id","composition_plat_id","composition_ingredient_id","quantite") VALUES (59,8,39,'1');
INSERT INTO "composition" ("composition_id","composition_plat_id","composition_ingredient_id","quantite") VALUES (60,8,40,'1');
INSERT INTO "composition" ("composition_id","composition_plat_id","composition_ingredient_id","quantite") VALUES (61,8,41,'750 g');
INSERT INTO "composition" ("composition_id","composition_plat_id","composition_ingredient_id","quantite") VALUES (62,8,34,'1 kg');
INSERT INTO "composition" ("composition_id","composition_plat_id","composition_ingredient_id","quantite") VALUES (63,8,42,'50 cl');
INSERT INTO "composition" ("composition_id","composition_plat_id","composition_ingredient_id","quantite") VALUES (64,8,19,'4 cuillères à soupe');
INSERT INTO "composition" ("composition_id","composition_plat_id","composition_ingredient_id","quantite") VALUES (65,8,43,'1 cuillère à café');
INSERT INTO "composition" ("composition_id","composition_plat_id","composition_ingredient_id","quantite") VALUES (66,8,44,'1 cuillère à café');
INSERT INTO "composition" ("composition_id","composition_plat_id","composition_ingredient_id","quantite") VALUES (67,8,38,'Selon la convenance');
INSERT INTO "composition" ("composition_id","composition_plat_id","composition_ingredient_id","quantite") VALUES (68,8,45,'2 cuillères à café');
INSERT INTO "composition" ("composition_id","composition_plat_id","composition_ingredient_id","quantite") VALUES (69,8,46,'1/2 cuillère à café');
INSERT INTO "composition" ("composition_id","composition_plat_id","composition_ingredient_id","quantite") VALUES (70,8,13,'Selon la convenance');
INSERT INTO "composition" ("composition_id","composition_plat_id","composition_ingredient_id","quantite") VALUES (71,9,47,'800 g');
INSERT INTO "composition" ("composition_id","composition_plat_id","composition_ingredient_id","quantite") VALUES (72,9,48,'2');
INSERT INTO "composition" ("composition_id","composition_plat_id","composition_ingredient_id","quantite") VALUES (73,9,49,'8');
INSERT INTO "composition" ("composition_id","composition_plat_id","composition_ingredient_id","quantite") VALUES (74,9,17,'8');
INSERT INTO "composition" ("composition_id","composition_plat_id","composition_ingredient_id","quantite") VALUES (75,9,50,'8');
INSERT INTO "composition" ("composition_id","composition_plat_id","composition_ingredient_id","quantite") VALUES (76,9,51,'2');
INSERT INTO "composition" ("composition_id","composition_plat_id","composition_ingredient_id","quantite") VALUES (77,9,39,'2');
INSERT INTO "composition" ("composition_id","composition_plat_id","composition_ingredient_id","quantite") VALUES (78,9,52,'Selon la convenance');
INSERT INTO "composition" ("composition_id","composition_plat_id","composition_ingredient_id","quantite") VALUES (79,9,53,'8');
INSERT INTO "composition" ("composition_id","composition_plat_id","composition_ingredient_id","quantite") VALUES (80,9,54,'4 morceaux');
INSERT INTO "composition" ("composition_id","composition_plat_id","composition_ingredient_id","quantite") VALUES (81,9,40,'1');
INSERT INTO "composition" ("composition_id","composition_plat_id","composition_ingredient_id","quantite") VALUES (82,9,55,'Selon la convenance');
INSERT INTO "composition" ("composition_id","composition_plat_id","composition_ingredient_id","quantite") VALUES (83,10,56,'1, coupé en morceaux');
INSERT INTO "composition" ("composition_id","composition_plat_id","composition_ingredient_id","quantite") VALUES (84,10,57,'2');
INSERT INTO "composition" ("composition_id","composition_plat_id","composition_ingredient_id","quantite") VALUES (85,10,58,'800 g');
INSERT INTO "composition" ("composition_id","composition_plat_id","composition_ingredient_id","quantite") VALUES (86,10,36,'1');
INSERT INTO "composition" ("composition_id","composition_plat_id","composition_ingredient_id","quantite") VALUES (87,10,25,'15 cl');
INSERT INTO "composition" ("composition_id","composition_plat_id","composition_ingredient_id","quantite") VALUES (88,10,59,'30 cl');
INSERT INTO "composition" ("composition_id","composition_plat_id","composition_ingredient_id","quantite") VALUES (89,10,60,'20 cl');
INSERT INTO "composition" ("composition_id","composition_plat_id","composition_ingredient_id","quantite") VALUES (90,10,32,'4 cuillères à soupe');
INSERT INTO "composition" ("composition_id","composition_plat_id","composition_ingredient_id","quantite") VALUES (91,10,19,'6 cuillères à soupe');
INSERT INTO "composition" ("composition_id","composition_plat_id","composition_ingredient_id","quantite") VALUES (92,10,61,'2 branches');
INSERT INTO "composition" ("composition_id","composition_plat_id","composition_ingredient_id","quantite") VALUES (93,10,13,'Selon la convenance');
INSERT INTO "composition" ("composition_id","composition_plat_id","composition_ingredient_id","quantite") VALUES (94,10,14,'Selon la convenance');
INSERT INTO "composition" ("composition_id","composition_plat_id","composition_ingredient_id","quantite") VALUES (95,11,62,'6');
INSERT INTO "composition" ("composition_id","composition_plat_id","composition_ingredient_id","quantite") VALUES (96,11,63,'3 cuillères à café');
INSERT INTO "composition" ("composition_id","composition_plat_id","composition_ingredient_id","quantite") VALUES (97,11,60,'20 cl');
INSERT INTO "composition" ("composition_id","composition_plat_id","composition_ingredient_id","quantite") VALUES (98,11,61,'1/2 bouquet hâché');
INSERT INTO "composition" ("composition_id","composition_plat_id","composition_ingredient_id","quantite") VALUES (99,11,19,'Selon la convenance');
INSERT INTO "composition" ("composition_id","composition_plat_id","composition_ingredient_id","quantite") VALUES (100,11,64,'1');
INSERT INTO "composition" ("composition_id","composition_plat_id","composition_ingredient_id","quantite") VALUES (101,11,13,'Selon la convenance');
INSERT INTO "composition" ("composition_id","composition_plat_id","composition_ingredient_id","quantite") VALUES (102,11,14,'Selon la convenance');
INSERT INTO "composition" ("composition_id","composition_plat_id","composition_ingredient_id","quantite") VALUES (103,12,16,'1 kg');
INSERT INTO "composition" ("composition_id","composition_plat_id","composition_ingredient_id","quantite") VALUES (104,12,65,'200 g');
INSERT INTO "composition" ("composition_id","composition_plat_id","composition_ingredient_id","quantite") VALUES (105,12,17,'200 g émincés');
INSERT INTO "composition" ("composition_id","composition_plat_id","composition_ingredient_id","quantite") VALUES (106,12,66,'1 bien fait');
INSERT INTO "composition" ("composition_id","composition_plat_id","composition_ingredient_id","quantite") VALUES (107,12,19,'2 cuillères à soupe');
INSERT INTO "composition" ("composition_id","composition_plat_id","composition_ingredient_id","quantite") VALUES (108,12,36,'1');
INSERT INTO "composition" ("composition_id","composition_plat_id","composition_ingredient_id","quantite") VALUES (109,12,13,'Selon la convenance');
INSERT INTO "composition" ("composition_id","composition_plat_id","composition_ingredient_id","quantite") VALUES (110,12,14,'Selon la convenance');
INSERT INTO "composition" ("composition_id","composition_plat_id","composition_ingredient_id","quantite") VALUES (111,13,62,'100 g');
INSERT INTO "composition" ("composition_id","composition_plat_id","composition_ingredient_id","quantite") VALUES (112,13,63,'20 g');
INSERT INTO "composition" ("composition_id","composition_plat_id","composition_ingredient_id","quantite") VALUES (113,13,5,'Selon le besoin');
INSERT INTO "composition" ("composition_id","composition_plat_id","composition_ingredient_id","quantite") VALUES (114,13,64,'25 g (à adapter selon les convenances)');
INSERT INTO "composition" ("composition_id","composition_plat_id","composition_ingredient_id","quantite") VALUES (115,13,13,'Selon la convenance');
INSERT INTO "composition" ("composition_id","composition_plat_id","composition_ingredient_id","quantite") VALUES (116,13,14,'Selon la convenance');
INSERT INTO "composition" ("composition_id","composition_plat_id","composition_ingredient_id","quantite") VALUES (117,14,4,'250 g');
INSERT INTO "composition" ("composition_id","composition_plat_id","composition_ingredient_id","quantite") VALUES (118,14,3,'125 g mou');
INSERT INTO "composition" ("composition_id","composition_plat_id","composition_ingredient_id","quantite") VALUES (119,14,13,'5 g');
INSERT INTO "composition" ("composition_id","composition_plat_id","composition_ingredient_id","quantite") VALUES (120,14,33,'2');
INSERT INTO "composition" ("composition_id","composition_plat_id","composition_ingredient_id","quantite") VALUES (121,14,5,'50 g et 1 cuillère à café');
INSERT INTO "composition" ("composition_id","composition_plat_id","composition_ingredient_id","quantite") VALUES (122,14,69,'1');
INSERT INTO "composition" ("composition_id","composition_plat_id","composition_ingredient_id","quantite") VALUES (123,14,70,'50 g');
INSERT INTO "composition" ("composition_id","composition_plat_id","composition_ingredient_id","quantite") VALUES (124,14,34,'350 g');
INSERT INTO "composition" ("composition_id","composition_plat_id","composition_ingredient_id","quantite") VALUES (125,14,71,'2 cuillère à café');
INSERT INTO "composition" ("composition_id","composition_plat_id","composition_ingredient_id","quantite") VALUES (126,14,72,'15 cl');
INSERT INTO "composition" ("composition_id","composition_plat_id","composition_ingredient_id","quantite") VALUES (127,14,73,'1 cuillère à café');
INSERT INTO "composition" ("composition_id","composition_plat_id","composition_ingredient_id","quantite") VALUES (128,14,35,'2 cuillères à café');
INSERT INTO "composition" ("composition_id","composition_plat_id","composition_ingredient_id","quantite") VALUES (129,14,19,'1 filet');
INSERT INTO "composition" ("composition_id","composition_plat_id","composition_ingredient_id","quantite") VALUES (130,14,14,'Selon la convenance');
INSERT INTO "composition" ("composition_id","composition_plat_id","composition_ingredient_id","quantite") VALUES (131,15,17,'1');
INSERT INTO "composition" ("composition_id","composition_plat_id","composition_ingredient_id","quantite") VALUES (132,15,70,'1 entier');
INSERT INTO "composition" ("composition_id","composition_plat_id","composition_ingredient_id","quantite") VALUES (133,15,74,'20 cl');
INSERT INTO "composition" ("composition_id","composition_plat_id","composition_ingredient_id","quantite") VALUES (134,15,61,'Selon la convenance');
INSERT INTO "composition" ("composition_id","composition_plat_id","composition_ingredient_id","quantite") VALUES (135,15,24,'1,5 tasse');
INSERT INTO "composition" ("composition_id","composition_plat_id","composition_ingredient_id","quantite") VALUES (136,15,59,'1/2 tablette');
INSERT INTO "composition" ("composition_id","composition_plat_id","composition_ingredient_id","quantite") VALUES (137,15,13,'Selon la convenance');
INSERT INTO "composition" ("composition_id","composition_plat_id","composition_ingredient_id","quantite") VALUES (138,15,14,'Selon la convenance');
INSERT INTO "composition" ("composition_id","composition_plat_id","composition_ingredient_id","quantite") VALUES (139,16,4,'250 g');
INSERT INTO "composition" ("composition_id","composition_plat_id","composition_ingredient_id","quantite") VALUES (140,16,19,'2 cuillères à soupe');
INSERT INTO "composition" ("composition_id","composition_plat_id","composition_ingredient_id","quantite") VALUES (141,16,6,'15 cl et 2 cuillères à soupe');
INSERT INTO "composition" ("composition_id","composition_plat_id","composition_ingredient_id","quantite") VALUES (142,16,73,'1 pincée');
INSERT INTO "composition" ("composition_id","composition_plat_id","composition_ingredient_id","quantite") VALUES (143,16,75,'15 g');
INSERT INTO "composition" ("composition_id","composition_plat_id","composition_ingredient_id","quantite") VALUES (144,16,13,'1/2 cuillère à café');
INSERT INTO "composition" ("composition_id","composition_plat_id","composition_ingredient_id","quantite") VALUES (145,16,76,'150 g');
INSERT INTO "composition" ("composition_id","composition_plat_id","composition_ingredient_id","quantite") VALUES (146,16,28,'100 g');
INSERT INTO "composition" ("composition_id","composition_plat_id","composition_ingredient_id","quantite") VALUES (147,16,22,'150 g');
INSERT INTO "composition" ("composition_id","composition_plat_id","composition_ingredient_id","quantite") VALUES (148,16,77,'100 g');
INSERT INTO "composition" ("composition_id","composition_plat_id","composition_ingredient_id","quantite") VALUES (149,16,13,'Selon la convenance');
INSERT INTO "composition" ("composition_id","composition_plat_id","composition_ingredient_id","quantite") VALUES (150,16,14,'Selon la convenance');
INSERT INTO "composition" ("composition_id","composition_plat_id","composition_ingredient_id","quantite") VALUES (151,17,4,'200 g');
INSERT INTO "composition" ("composition_id","composition_plat_id","composition_ingredient_id","quantite") VALUES (152,17,78,'160 g');
INSERT INTO "composition" ("composition_id","composition_plat_id","composition_ingredient_id","quantite") VALUES (153,17,5,'10 cl tiède');
INSERT INTO "composition" ("composition_id","composition_plat_id","composition_ingredient_id","quantite") VALUES (154,17,79,'100 g dénoyautées');
INSERT INTO "composition" ("composition_id","composition_plat_id","composition_ingredient_id","quantite") VALUES (155,17,18,'3');
INSERT INTO "composition" ("composition_id","composition_plat_id","composition_ingredient_id","quantite") VALUES (156,17,80,'1 sachet');
INSERT INTO "composition" ("composition_id","composition_plat_id","composition_ingredient_id","quantite") VALUES (157,18,18,'4');
INSERT INTO "composition" ("composition_id","composition_plat_id","composition_ingredient_id","quantite") VALUES (158,18,60,'15 cl');
INSERT INTO "composition" ("composition_id","composition_plat_id","composition_ingredient_id","quantite") VALUES (159,18,81,'2');
INSERT INTO "composition" ("composition_id","composition_plat_id","composition_ingredient_id","quantite") VALUES (160,18,53,'2');
INSERT INTO "composition" ("composition_id","composition_plat_id","composition_ingredient_id","quantite") VALUES (161,18,17,'1');
INSERT INTO "composition" ("composition_id","composition_plat_id","composition_ingredient_id","quantite") VALUES (162,18,82,'70 g');
INSERT INTO "composition" ("composition_id","composition_plat_id","composition_ingredient_id","quantite") VALUES (163,18,83,'2 cuillères à soupe');
INSERT INTO "composition" ("composition_id","composition_plat_id","composition_ingredient_id","quantite") VALUES (164,18,13,'Selon la convenance');
INSERT INTO "composition" ("composition_id","composition_plat_id","composition_ingredient_id","quantite") VALUES (165,18,14,'Selon la convenance');
INSERT INTO "composition" ("composition_id","composition_plat_id","composition_ingredient_id","quantite") VALUES (166,19,84,'200 g');
INSERT INTO "composition" ("composition_id","composition_plat_id","composition_ingredient_id","quantite") VALUES (167,19,2,'200 g');
INSERT INTO "composition" ("composition_id","composition_plat_id","composition_ingredient_id","quantite") VALUES (168,19,3,'30 g');
INSERT INTO "composition" ("composition_id","composition_plat_id","composition_ingredient_id","quantite") VALUES (169,19,18,'3');
INSERT INTO "composition" ("composition_id","composition_plat_id","composition_ingredient_id","quantite") VALUES (170,19,32,'20 cl');
INSERT INTO "composition" ("composition_id","composition_plat_id","composition_ingredient_id","quantite") VALUES (171,19,5,'20 cl');
INSERT INTO "composition" ("composition_id","composition_plat_id","composition_ingredient_id","quantite") VALUES (172,19,85,'Selon la convenance');
INSERT INTO "composition" ("composition_id","composition_plat_id","composition_ingredient_id","quantite") VALUES (173,19,13,'Selon la convenance');
INSERT INTO "composition" ("composition_id","composition_plat_id","composition_ingredient_id","quantite") VALUES (174,19,14,'Selon la convenance');
INSERT INTO "composition" ("composition_id","composition_plat_id","composition_ingredient_id","quantite") VALUES (175,20,53,'2');
INSERT INTO "composition" ("composition_id","composition_plat_id","composition_ingredient_id","quantite") VALUES (176,20,86,'1');
INSERT INTO "composition" ("composition_id","composition_plat_id","composition_ingredient_id","quantite") VALUES (177,20,51,'1');
INSERT INTO "composition" ("composition_id","composition_plat_id","composition_ingredient_id","quantite") VALUES (178,20,39,'1');
INSERT INTO "composition" ("composition_id","composition_plat_id","composition_ingredient_id","quantite") VALUES (179,20,81,'3');
INSERT INTO "composition" ("composition_id","composition_plat_id","composition_ingredient_id","quantite") VALUES (180,20,17,'1');
INSERT INTO "composition" ("composition_id","composition_plat_id","composition_ingredient_id","quantite") VALUES (181,20,36,'2');
INSERT INTO "composition" ("composition_id","composition_plat_id","composition_ingredient_id","quantite") VALUES (182,20,87,'1');
INSERT INTO "composition" ("composition_id","composition_plat_id","composition_ingredient_id","quantite") VALUES (183,20,19,'Selon la convenance');
INSERT INTO "composition" ("composition_id","composition_plat_id","composition_ingredient_id","quantite") VALUES (184,20,13,'Selon la convenance');
INSERT INTO "composition" ("composition_id","composition_plat_id","composition_ingredient_id","quantite") VALUES (185,20,14,'Selon la convenance');
INSERT INTO "composition" ("composition_id","composition_plat_id","composition_ingredient_id","quantite") VALUES (186,21,88,'4 à 6');
INSERT INTO "composition" ("composition_id","composition_plat_id","composition_ingredient_id","quantite") VALUES (187,21,89,'1');
INSERT INTO "composition" ("composition_id","composition_plat_id","composition_ingredient_id","quantite") VALUES (188,21,90,'1');
INSERT INTO "composition" ("composition_id","composition_plat_id","composition_ingredient_id","quantite") VALUES (189,21,91,'1/2');
INSERT INTO "composition" ("composition_id","composition_plat_id","composition_ingredient_id","quantite") VALUES (190,21,49,'2');
INSERT INTO "composition" ("composition_id","composition_plat_id","composition_ingredient_id","quantite") VALUES (191,21,92,'1 sachet');
INSERT INTO "composition" ("composition_id","composition_plat_id","composition_ingredient_id","quantite") VALUES (192,21,93,'1/2 bouquet');
INSERT INTO "composition" ("composition_id","composition_plat_id","composition_ingredient_id","quantite") VALUES (193,21,94,'1/2 bouquet');
INSERT INTO "composition" ("composition_id","composition_plat_id","composition_ingredient_id","quantite") VALUES (194,21,36,'1');
INSERT INTO "composition" ("composition_id","composition_plat_id","composition_ingredient_id","quantite") VALUES (195,21,95,'1/2');
INSERT INTO "composition" ("composition_id","composition_plat_id","composition_ingredient_id","quantite") VALUES (196,21,6,'3 cuillères à soupe');
INSERT INTO "composition" ("composition_id","composition_plat_id","composition_ingredient_id","quantite") VALUES (197,21,96,'2 à 3 cuillères à soupe');
INSERT INTO "composition" ("composition_id","composition_plat_id","composition_ingredient_id","quantite") VALUES (198,21,97,'2 cuillères à soupe');
INSERT INTO "composition" ("composition_id","composition_plat_id","composition_ingredient_id","quantite") VALUES (199,21,73,'1 pincée');
INSERT INTO "composition" ("composition_id","composition_plat_id","composition_ingredient_id","quantite") VALUES (200,21,98,'2 cuillères à café');
INSERT INTO "composition" ("composition_id","composition_plat_id","composition_ingredient_id","quantite") VALUES (201,21,99,'2 poignées');
INSERT INTO "composition" ("composition_id","composition_plat_id","composition_ingredient_id","quantite") VALUES (202,21,100,'2');
INSERT INTO "composition" ("composition_id","composition_plat_id","composition_ingredient_id","quantite") VALUES (203,22,101,'1 rouleau');
INSERT INTO "composition" ("composition_id","composition_plat_id","composition_ingredient_id","quantite") VALUES (204,22,102,'1/2');
INSERT INTO "composition" ("composition_id","composition_plat_id","composition_ingredient_id","quantite") VALUES (205,22,77,'50 g');
INSERT INTO "composition" ("composition_id","composition_plat_id","composition_ingredient_id","quantite") VALUES (206,22,103,'200 g');
INSERT INTO "composition" ("composition_id","composition_plat_id","composition_ingredient_id","quantite") VALUES (207,22,104,'Selon la convenance');
INSERT INTO "composition" ("composition_id","composition_plat_id","composition_ingredient_id","quantite") VALUES (208,23,21,'500 g');
INSERT INTO "composition" ("composition_id","composition_plat_id","composition_ingredient_id","quantite") VALUES (209,23,105,'250 g');
INSERT INTO "composition" ("composition_id","composition_plat_id","composition_ingredient_id","quantite") VALUES (210,23,106,'2');
INSERT INTO "composition" ("composition_id","composition_plat_id","composition_ingredient_id","quantite") VALUES (211,23,107,'1 cuillère à café');
INSERT INTO "composition" ("composition_id","composition_plat_id","composition_ingredient_id","quantite") VALUES (212,23,36,'1');
INSERT INTO "composition" ("composition_id","composition_plat_id","composition_ingredient_id","quantite") VALUES (213,23,57,'1');
INSERT INTO "composition" ("composition_id","composition_plat_id","composition_ingredient_id","quantite") VALUES (214,23,19,'Selon la convenance');
INSERT INTO "composition" ("composition_id","composition_plat_id","composition_ingredient_id","quantite") VALUES (215,23,12,'2 cuillères à soupe');
INSERT INTO "composition" ("composition_id","composition_plat_id","composition_ingredient_id","quantite") VALUES (216,23,108,'1 cuillère à soupe');
INSERT INTO "composition" ("composition_id","composition_plat_id","composition_ingredient_id","quantite") VALUES (217,23,49,'1');
INSERT INTO "composition" ("composition_id","composition_plat_id","composition_ingredient_id","quantite") VALUES (218,23,109,'1/4');
INSERT INTO "composition" ("composition_id","composition_plat_id","composition_ingredient_id","quantite") VALUES (219,23,61,'2 branches');
INSERT INTO "composition" ("composition_id","composition_plat_id","composition_ingredient_id","quantite") VALUES (220,23,110,'Selon la convenance');
INSERT INTO "composition" ("composition_id","composition_plat_id","composition_ingredient_id","quantite") VALUES (221,24,101,'1');
INSERT INTO "composition" ("composition_id","composition_plat_id","composition_ingredient_id","quantite") VALUES (222,24,111,'3 petits');
INSERT INTO "composition" ("composition_id","composition_plat_id","composition_ingredient_id","quantite") VALUES (223,24,112,'200 g');
INSERT INTO "composition" ("composition_id","composition_plat_id","composition_ingredient_id","quantite") VALUES (224,24,18,'4');
INSERT INTO "composition" ("composition_id","composition_plat_id","composition_ingredient_id","quantite") VALUES (225,24,32,'500 g');
INSERT INTO "composition" ("composition_id","composition_plat_id","composition_ingredient_id","quantite") VALUES (226,24,103,'1');
INSERT INTO "composition" ("composition_id","composition_plat_id","composition_ingredient_id","quantite") VALUES (227,24,13,'Selon la convenance');
INSERT INTO "composition" ("composition_id","composition_plat_id","composition_ingredient_id","quantite") VALUES (228,24,113,'Selon la convenance');
INSERT INTO "composition" ("composition_id","composition_plat_id","composition_ingredient_id","quantite") VALUES (229,24,45,'3 pincées');
INSERT INTO "composition" ("composition_id","composition_plat_id","composition_ingredient_id","quantite") VALUES (230,24,114,'3 pincées');
INSERT INTO "composition" ("composition_id","composition_plat_id","composition_ingredient_id","quantite") VALUES (231,24,3,'40 g');
INSERT INTO "composition" ("composition_id","composition_plat_id","composition_ingredient_id","quantite") VALUES (232,25,16,'1 kg');
INSERT INTO "composition" ("composition_id","composition_plat_id","composition_ingredient_id","quantite") VALUES (233,25,36,'2');
INSERT INTO "composition" ("composition_id","composition_plat_id","composition_ingredient_id","quantite") VALUES (234,25,5,'15 cl');
INSERT INTO "composition" ("composition_id","composition_plat_id","composition_ingredient_id","quantite") VALUES (235,25,32,'2 cuillères à soupe');
INSERT INTO "composition" ("composition_id","composition_plat_id","composition_ingredient_id","quantite") VALUES (236,25,3,'20 g');
INSERT INTO "composition" ("composition_id","composition_plat_id","composition_ingredient_id","quantite") VALUES (237,25,85,'2 cuillères à café');
INSERT INTO "composition" ("composition_id","composition_plat_id","composition_ingredient_id","quantite") VALUES (238,25,13,'Selon la convenance');
INSERT INTO "composition" ("composition_id","composition_plat_id","composition_ingredient_id","quantite") VALUES (239,25,14,'Selon la convenance');
INSERT INTO "composition" ("composition_id","composition_plat_id","composition_ingredient_id","quantite") VALUES (240,26,101,'4 carrés');
INSERT INTO "composition" ("composition_id","composition_plat_id","composition_ingredient_id","quantite") VALUES (241,26,111,'4');
INSERT INTO "composition" ("composition_id","composition_plat_id","composition_ingredient_id","quantite") VALUES (242,26,3,'Selon la convenance');
INSERT INTO "composition" ("composition_id","composition_plat_id","composition_ingredient_id","quantite") VALUES (243,26,78,'En dés selon la convenance');
INSERT INTO "composition" ("composition_id","composition_plat_id","composition_ingredient_id","quantite") VALUES (244,26,13,'Selon la convenance');
INSERT INTO "composition" ("composition_id","composition_plat_id","composition_ingredient_id","quantite") VALUES (245,26,14,'Selon la convenance');
INSERT INTO "composition" ("composition_id","composition_plat_id","composition_ingredient_id","quantite") VALUES (246,27,115,'8 tranches');
INSERT INTO "composition" ("composition_id","composition_plat_id","composition_ingredient_id","quantite") VALUES (247,27,3,'50 g mou');
INSERT INTO "composition" ("composition_id","composition_plat_id","composition_ingredient_id","quantite") VALUES (248,27,22,'4 tranches');
INSERT INTO "composition" ("composition_id","composition_plat_id","composition_ingredient_id","quantite") VALUES (249,27,116,'8 tranches');
INSERT INTO "composition" ("composition_id","composition_plat_id","composition_ingredient_id","quantite") VALUES (250,27,77,'100 g');
INSERT INTO "composition" ("composition_id","composition_plat_id","composition_ingredient_id","quantite") VALUES (251,27,5,'4 cuillères à soupe');
INSERT INTO "composition" ("composition_id","composition_plat_id","composition_ingredient_id","quantite") VALUES (252,27,85,'1 pincée');
INSERT INTO "composition" ("composition_id","composition_plat_id","composition_ingredient_id","quantite") VALUES (253,27,13,'Selon la convenance');
INSERT INTO "composition" ("composition_id","composition_plat_id","composition_ingredient_id","quantite") VALUES (254,27,14,'Selon la convenance');
INSERT INTO "composition" ("composition_id","composition_plat_id","composition_ingredient_id","quantite") VALUES (255,28,117,'2');
INSERT INTO "composition" ("composition_id","composition_plat_id","composition_ingredient_id","quantite") VALUES (256,28,15,'25 g');
INSERT INTO "composition" ("composition_id","composition_plat_id","composition_ingredient_id","quantite") VALUES (257,28,118,'4 tranches');
INSERT INTO "composition" ("composition_id","composition_plat_id","composition_ingredient_id","quantite") VALUES (258,28,19,'2 cuillères à soupe');
INSERT INTO "composition" ("composition_id","composition_plat_id","composition_ingredient_id","quantite") VALUES (259,28,18,'1');
INSERT INTO "composition" ("composition_id","composition_plat_id","composition_ingredient_id","quantite") VALUES (260,28,11,'25 g');
INSERT INTO "composition" ("composition_id","composition_plat_id","composition_ingredient_id","quantite") VALUES (261,28,119,'2 cuillères à café');
INSERT INTO "composition" ("composition_id","composition_plat_id","composition_ingredient_id","quantite") VALUES (262,28,120,'1/2 cuillère à café');
INSERT INTO "composition" ("composition_id","composition_plat_id","composition_ingredient_id","quantite") VALUES (263,28,38,'1 trait');
INSERT INTO "composition" ("composition_id","composition_plat_id","composition_ingredient_id","quantite") VALUES (264,28,95,'Selon la convenance');
INSERT INTO "composition" ("composition_id","composition_plat_id","composition_ingredient_id","quantite") VALUES (265,28,36,'1');
INSERT INTO "composition" ("composition_id","composition_plat_id","composition_ingredient_id","quantite") VALUES (266,28,19,'15 cl');
INSERT INTO "composition" ("composition_id","composition_plat_id","composition_ingredient_id","quantite") VALUES (267,28,13,'Selon la convenance');
INSERT INTO "composition" ("composition_id","composition_plat_id","composition_ingredient_id","quantite") VALUES (268,28,14,'Selon la convenance');
INSERT INTO "composition" ("composition_id","composition_plat_id","composition_ingredient_id","quantite") VALUES (269,29,16,'1,5 kg');
INSERT INTO "composition" ("composition_id","composition_plat_id","composition_ingredient_id","quantite") VALUES (270,29,36,'2');
INSERT INTO "composition" ("composition_id","composition_plat_id","composition_ingredient_id","quantite") VALUES (271,29,10,'30 cl');
INSERT INTO "composition" ("composition_id","composition_plat_id","composition_ingredient_id","quantite") VALUES (272,29,3,'100 g');
INSERT INTO "composition" ("composition_id","composition_plat_id","composition_ingredient_id","quantite") VALUES (273,29,5,'1 l');
INSERT INTO "composition" ("composition_id","composition_plat_id","composition_ingredient_id","quantite") VALUES (274,29,85,'Selon la convenance');
INSERT INTO "composition" ("composition_id","composition_plat_id","composition_ingredient_id","quantite") VALUES (275,29,13,'Selon la convenance');
INSERT INTO "composition" ("composition_id","composition_plat_id","composition_ingredient_id","quantite") VALUES (276,29,14,'Selon la convenance');
INSERT INTO "composition" ("composition_id","composition_plat_id","composition_ingredient_id","quantite") VALUES (277,30,121,'400 g');
INSERT INTO "composition" ("composition_id","composition_plat_id","composition_ingredient_id","quantite") VALUES (278,30,60,'25 cl');
INSERT INTO "composition" ("composition_id","composition_plat_id","composition_ingredient_id","quantite") VALUES (279,30,77,'150 g');
INSERT INTO "composition" ("composition_id","composition_plat_id","composition_ingredient_id","quantite") VALUES (280,30,85,'1 noix');
INSERT INTO "composition" ("composition_id","composition_plat_id","composition_ingredient_id","quantite") VALUES (281,30,61,'1 petit bouquet');
INSERT INTO "composition" ("composition_id","composition_plat_id","composition_ingredient_id","quantite") VALUES (282,30,67,'4 cuillères à soupe');
INSERT INTO "composition" ("composition_id","composition_plat_id","composition_ingredient_id","quantite") VALUES (283,30,3,'25 g');
INSERT INTO "composition" ("composition_id","composition_plat_id","composition_ingredient_id","quantite") VALUES (284,30,4,'25 g');
INSERT INTO "composition" ("composition_id","composition_plat_id","composition_ingredient_id","quantite") VALUES (285,30,13,'Selon la convenance');
COMMIT;
